NAME OF COMPANY,SYMBOL,Security Id
20 Microns Limited,20MICRONS,20MICRONS
21st Century Management Services Limited,21STCENMGM,21STCENMGM
3i Infotech Limited,3IINFOTECH,3IINFOTECH
3M India Limited,3MINDIA,3MINDIA
3P Land Holdings Limited,3PLAND,3PLAND
5Paisa Capital Limited,5PAISA,5PAISA
63 moons technologies limited,63MOONS,63MOONS
A2Z Infra Engineering Limited,A2ZINFRA,A2ZINFRA
Aarti Drugs Limited,AARTIDRUGS,AARTIDRUGS
Aarti Industries Limited,AARTIIND,AARTIIND
Aarti Surfactants Limited,AARTISURF,AARTISURF
Aarvee Denims & Exports Limited,AARVEEDEN,AARVEEDEN
Aavas Financiers Limited,AAVAS,AAVAS
Aban Offshore Limited,ABAN,ABAN
ABB India Limited,ABB,ABB
Abbott India Limited,ABBOTINDIA,ABBOTINDIA
Aditya Birla Capital Limited,ABCAPITAL,ABCAPITAL
Aditya Birla Fashion and Retail Limited,ABFRL,ABFRL
ACC Limited,ACC,ACC
Accelya Solutions India Limited,ACCELYA,ACCELYA
Action Construction Equipment Limited,ACE,ACE
Acrysil Limited,ACRYSIL,ACRYSIL
Adani Enterprises Limited,ADANIENT,ADANIENT
Adani Green Energy Limited,ADANIGREEN,ADANIGREEN
Adani Ports and Special Economic Zone Limited,ADANIPORTS,ADANIPORTS
Adani Power Limited,ADANIPOWER,ADANIPOWER
Adani Transmission Limited,ADANITRANS,ADANITRANS
ADF Foods Limited,ADFFOODS,ADFFOODS
Archidply Decor Limited,ADL,ADL
Ador Welding Limited,ADORWELD,ADORWELD
Adroit Infotech Limited,ADROITINFO,ADROITINFO
Allied Digital Services Limited,ADSL,ADSL
Advani Hotels & Resorts (India) Limited,ADVANIHOTR,ADVANIHOTR
Advanced Enzyme Technologies Limited,ADVENZYMES,ADVENZYMES
Aegis Logistics Limited,AEGISCHEM,AEGISLOG
Affle (India) Limited,AFFLE,AFFLE
Agarwal Industrial Corporation Limited,AGARIND,AGARIND
AGC Networks Limited,AGCNET,AGCNET
Agri-Tech (India) Limited,AGRITECH,AGRITECH
Asian Hotels (East) Limited,AHLEAST,AHLEAST
Ahluwalia Contracts (India) Limited,AHLUCONT,AHLUCONT
Asian Hotels (West) Limited,AHLWEST,AHLWEST
AIA Engineering Limited,AIAENG,AIAENG
Ajanta Pharma Limited,AJANTPHARM,AJANTPHARM
Ajmera Realty & Infra India Limited,AJMERA,AJMERA
AksharChem India Limited,AKSHARCHEM,AKSCHEM
Aksh Optifibre Limited,AKSHOPTFBR,AKSHOPTFBR
Akzo Nobel India Limited,AKZOINDIA,AKZOINDIA
Alankit Limited,ALANKIT,ALANKIT
Albert David Limited,ALBERTDAVD,ALBERTDA
Alembic Limited,ALEMBICLTD,ALEMBICLTD
Alicon Castalloy Limited,ALICON,ALICON
Alkali Metals Limited,ALKALI,ALKALI
Alkem Laboratories Limited,ALKEM,ALKEM
Alkyl Amines Chemicals Limited,ALKYLAMINE,ALKYLAMINE
Allcargo Logistics Limited,ALLCARGO,ALLCARGO
Allsec Technologies Limited,ALLSEC,ALLSEC
Almondz Global Securities Limited,ALMONDZ,ALMONDZ
Alok Industries Limited,ALOKINDS,ALOKTEXT
Alpa Laboratories Limited,ALPA,ALPA
Alphageo (India) Limited,ALPHAGEO,ALPHAGEO
Alps Industries Limited,ALPSINDUS,ALPSINDUS
Amara Raja Batteries Limited,AMARAJABAT,AMARAJABAT
Amber Enterprises India Limited,AMBER,AMBER
Ambica Agarbathies & Aroma industries Limited,AMBICAAGAR,AMBICAAGAR
Ambika Cotton Mills Limited,AMBIKCO,AMBIKCO
Ambuja Cements Limited,AMBUJACEM,AMBUJACEM
AMD Industries Limited,AMDIND,AMDIND
Amj Land Holdings Limited,AMJLAND,AMJLAND
Amrutanjan Health Care Limited,AMRUTANJAN,AMRUTANJAN
Anant Raj Limited,ANANTRAJ,ANANTRAJ
Andhra Cements Limited,ANDHRACEMT,ANDHRACEMT
ANDHRA PAPER LIMITED,ANDHRAPAP,ANDHRAPAP
The Andhra Sugars Limited,ANDHRSUGAR,ANDHRSUGAR
Angel Broking Limited,ANGELBRKG,ANGELBRKG
Anik Industries Limited,ANIKINDS,ANIKINDS
Ankit Metal & Power Limited,ANKITMETAL,ANKITMETAL
Anmol India Limited,ANMOL,ANMOL
Ansal Properties & Infrastructure Limited,ANSALAPI,ANSALAPI
Ansal Housing Limited,ANSALHSG,ANSALHSG
The Anup Engineering Limited,ANUP,ANUP
Anupam Rasayan India Limited,ANURAS,ANURAS
Apar Industries Limited,APARINDS,APARINDS
Anjani Portland Cement Limited,APCL,APCL
Apcotex Industries Limited,APCOTEXIND,APCOTEXIND
Apex Frozen Foods Limited,APEX,APEX
APL Apollo Tubes Limited,APLAPOLLO,APLAPOLLO
Alembic Pharmaceuticals Limited,APLLTD,APLLTD
Apollo Micro Systems Limited,APOLLO,APOLLO
Apollo Hospitals Enterprise Limited,APOLLOHOSP,APOLLOHOSP
Apollo Pipes Limited,APOLLOPIPE,APOLLOPIPES
Apollo Tyres Limited,APOLLOTYRE,APOLLOTYRE
Aptech Limited,APTECHT,APTECHT
Archidply Industries Limited,ARCHIDPLY,ARCHIDPLY
Archies Limited,ARCHIES,ARCHIES
Rajdarshan Industries Limited,ARENTERP,ARENTERP
Aries Agro Limited,ARIES,ARIES
Arihant Foundations & Housing Limited,ARIHANT,ARIHANT
Arihant Superstructures Limited,ARIHANTSUP,ASL
Arman Financial Services Limited,ARMANFIN,ARMANFIN
Aro Granite Industries Limited,AROGRANITE,AROGRANITE
Arrow Greentech Limited,ARROWGREEN,ARROWGREEN
Arshiya Limited,ARSHIYA,ARSHIYA
ARSS Infrastructure Projects Limited,ARSSINFRA,ARSSINFRA
Artemis Medicare Services Limited,ARTEMISMED,ARTEMISMED
Arvind Limited,ARVIND,ARVIND
Arvind Fashions Limited,ARVINDFASN,ARVINDFASN
Arvind SmartSpaces Limited,ARVSMART,ARVSMART
Asahi India Glass Limited,ASAHIINDIA,ASAHIINDIA
Asahi Songwon Colors Limited,ASAHISONG,ASAHISONG
Automotive Stampings and Assemblies Limited,ASAL,ASAL
Associated Alcohols & Breweries Ltd.,ASALCBR,ASALCBR
Ashapura Minechem Limited,ASHAPURMIN,ASHAPURMIN
Ashiana Housing Limited,ASHIANA,ASHIANA
Ashima Limited,ASHIMASYN,ASHIMASYN
Ashoka Buildcon Limited,ASHOKA,ASHOKA
Ashok Leyland Limited,ASHOKLEY,ASHOKLEY
Asian Hotels (North) Limited,ASIANHOTNR,ASIANHOTNR
Asian Paints Limited,ASIANPAINT,ASIANPAINT
Asian Granito India Limited,ASIANTILES,ASIANTILES
Astec LifeSciences Limited,ASTEC,ASTEC
Aster DM Healthcare Limited,ASTERDM,ASTERDM
Astral Limited,ASTRAL,ASTRAL
Astra Microwave Products Limited,ASTRAMICRO,ASTRAMICRO
AstraZeneca Pharma India Limited,ASTRAZEN,ASTRAZEN
Astron Paper & Board Mill Limited,ASTRON,ASTRON
Agro Tech Foods Limited,ATFL,ATFL
Adani Total Gas Limited,ATGL,ATGL
Atlanta  Limited,ATLANTA,ATLANTA
Atul Limited,ATUL,ATUL
Atul Auto Limited,ATULAUTO,ATULAUTO
AU Small Finance Bank Limited,AUBANK,AUBANK
Aurionpro Solutions Limited,AURIONPRO,AURIONPRO
Aurobindo Pharma Limited,AUROPHARMA,AUROPHARMA
Ausom Enterprise Limited,AUSOMENT,AUSOMENT
Automotive Axles Limited,AUTOAXLES,AUTOAXLES
Autoline Industries Limited,AUTOIND,AUTOIND
Avadh Sugar & Energy Limited,AVADHSUGAR,AVADHSUGAR
Avanti Feeds Limited,AVANTIFEED,AVANTI
AVT Natural Products Limited,AVTNPL,AVTNPL
Antony Waste Handling Cell Limited,AWHCL,AWHCL
Axis Bank Limited,AXISBANK,AXISBANK
AXISCADES Technologies Limited,AXISCADES,AXISCADES
AYM Syntex Limited,AYMSYNTEX,AYMSYNTEX
Bafna Pharmaceuticals Limited,BAFNAPH,BAFNAPHARM
B.A.G Films and Media Limited,BAGFILMS,BAGFILMS
Bajaj Auto Limited,BAJAJ-AUTO,BAJAJ-AUTO
Bajaj Consumer Care Limited,BAJAJCON,BAJAJCON
Bajaj Electricals Limited,BAJAJELEC,BAJAJELEC
Bajaj Finserv Limited,BAJAJFINSV,BAJAJFINSV
Bajaj Hindusthan Sugar Limited,BAJAJHIND,BAJAJHIND
Bajaj Holdings & Investment Limited,BAJAJHLDNG,BAJAJHLDNG
Bajaj Finance Limited,BAJFINANCE,BAJFINANCE
Balaji Telefilms Limited,BALAJITELE,BALAJITELE
Balaji Amines Limited,BALAMINES,BALAMINES
Balkrishna Paper Mills Limited,BALKRISHNA,BALKRISHNA
Balkrishna Industries Limited,BALKRISIND,BALKRISIND
Ballarpur Industries Limited,BALLARPUR,BALLARPUR
Balmer Lawrie & Company Limited,BALMLAWRIE,BALMLAWRIE
Bal Pharma Limited,BALPHARMA,BALPHARMA
Balrampur Chini Mills Limited,BALRAMCHIN,BALRAMCHIN
Banaras Beads Limited,BANARBEADS,BANARBEADS
Bannari Amman Sugars Limited,BANARISUG,BANARISUG
Banco Products (I) Limited,BANCOINDIA,BANCOINDIA
Bandhan Bank Limited,BANDHANBNK,BANDHANBNK
Bang Overseas Limited,BANG,BANG
Bank of Baroda,BANKBARODA,BANKBARODA
Bank of India,BANKINDIA,BANKINDIA
Banswara Syntex Limited,BANSWRAS,BANSWRAS
Barbeque Nation Hospitality Limited,BARBEQUE,BARBEQUE
Bartronics India Limited,BARTRONICS,BARTRONICS
BASF India Limited,BASF,BASF
Bannari Amman Spinning Mills Limited,BASML,BASML
Bata India Limited,BATAINDIA,BATAINDIA
Bayer Cropscience Limited,BAYERCROP,BAYERCROP
Bharat Bijlee Limited,BBL,BBL
Bombay Burmah Trading Corporation Limited,BBTC,BBTC
Brightcom Group Limited,BCG,BCG
Bcl Industries Limited,BCLIND,BCLIL
B.C. Power Controls Ltd,BCP,BCP
Bharat Dynamics Limited,BDL,BDL
Beardsell Limited,BEARDSELL,BEARDSELL
Mrs. Bectors Food Specialities Limited,BECTORFOOD,BECTORFOOD
Bedmutha Industries Limited,BEDMUTHA,BEDMUTHA
Bharat Electronics Limited,BEL,BEL
BEML Limited,BEML,BEML
Bhansali Engineering Polymers Limited,BEPL,BEPL
Berger Paints (I) Limited,BERGEPAINT,BERGEPAINT
Best Agrolife Limited,BESTAGRO,BESTAGRO
BF Investment Limited,BFINVEST,BFINVEST
BF Utilities Limited,BFUTILITIE,BFUTILITIE
BGR Energy Systems Limited,BGRENERGY,BGRENERGY
Bhageria Industries Limited,BHAGERIA,BHAGIL
Bhagyanagar India Limited,BHAGYANGR,BHAGYNAGAR
Bhagyanagar Properties Limited,BHAGYAPROP,BHAGYAPROP
Bhandari Hosiery Exports Limited,BHANDARI,BHANDHOS
Bharat Forge Limited,BHARATFORG,BHARATFORG
Bharat Gears Limited,BHARATGEAR,BHARATGEAR
Bharat Rasayan Limited,BHARATRAS,BHARATRAS
Bharat Wire Ropes Limited,BHARATWIRE,BHARATWIRE
Bharti Airtel Limited,BHARTIARTL,BHARTIARTL
Bharat Heavy Electricals Limited,BHEL,BHEL
Bigbloc Construction Limited,BIGBLOC,BIGBLOC
Bhartiya International Limited,BIL,BIL
Oswal Chemicals & Fertilizers Limited,BINDALAGRO,BINDALAGRO
Biocon Limited,BIOCON,BIOCON
Biofil Chemicals & Pharmaceuticals Limited,BIOFILCHEM,BIOFILCHEM
Birla Cable Limited,BIRLACABLE,BIRLACABLE
Birla Corporation Limited,BIRLACORPN,BIRLACORPN
Aditya Birla Money Limited,BIRLAMONEY,BIRLAMONEY
Birla Tyres Limited,BIRLATYRE,BIRLATYRES
Bkm Industries Limited,BKMINDST,BKMINDST
BLB Limited,BLBLIMITED,BLBLIMITED
Bliss GVS Pharma Limited,BLISSGVS,BLISSGVS
B. L. Kashyap and Sons Limited,BLKASHYAP,BLKASHYAP
BLS International Services Limited,BLS,BLS
Blue Dart Express Limited,BLUEDART,BLUEDART
Blue Star Limited,BLUESTARCO,BLUESTARCO
Bodal Chemicals Limited,BODALCHEM,BODALCHEM
Bombay Dyeing & Mfg Company Limited,BOMDYEING,BOMDYEING
Borosil Limited,BOROLTD,BOROLTD
BOROSIL RENEWABLES LIMITED,BORORENEW,BORORENEW
Bosch Limited,BOSCHLTD,BOSCHLTD
Bharat Petroleum Corporation Limited,BPCL,BPCL
BPL Limited,BPL,BPL
Bombay Rayon Fashions Limited,BRFL,BRFL
Brigade Enterprises Limited,BRIGADE,BRIGADE
Britannia Industries Limited,BRITANNIA,BRITANNIA
Bharat Road Network Limited,BRNL,BRNL
Brooks Laboratories Limited,BROOKS,BROOKS
BSEL Infrastructure Realty Limited,BSELINFRA,BSELINFRA
BSL Limited,BSL,BSL
BIRLASOFT LIMITED,BSOFT,BSOFT
Burger King India Limited,BURGERKING,BURGERKING
Butterfly Gandhimathi Appliances Limited,BUTTERFLY,BUTTERFLY
Barak Valley Cements Limited,BVCL,BVCL
The Byke Hospitality Ltd,BYKE,THEBYKE
Cadila Healthcare Limited,CADILAHC,CADILAHC
California Software Company Limited,CALSOFT,CALSOFT
Camlin Fine Sciences Limited,CAMLINFINE,CAMLINFINE
Computer Age Management Services Limited,CAMS,CAMS
Canara Bank,CANBK,CANBK
C & C Constructions Limited,CANDC,CANDC
Can Fin Homes Limited,CANFINHOME,CANFINHOME
Cantabil Retail India Limited,CANTABIL,CANTABIL
Capacit'e Infraprojects Limited,CAPACITE,CAPACITE
Caplin Point Laboratories Limited,CAPLIPOINT,CAPPL
Capital Trust Limited,CAPTRUST,CAPITALT
Carborundum Universal Limited,CARBORUNIV,CARBORUNIV
Career Point Limited,CAREERP,CAREERP
CARE Ratings Limited,CARERATING,CARERATING
Castrol India Limited,CASTROLIND,CASTROLIND
Consolidated Construction Consortium Limited,CCCL,CCCL
Country Club Hospitality & Holidays Limited,CCHHL,CCHHL
CCL Products (India) Limited,CCL,CCL
CEAT Limited,CEATLTD,CEATLTD
Commercial Engineers & Body Builders Co Limited,CEBBCO,CEBBCO
Celebrity Fashions Limited,CELEBRITY,CELEBRITY
Century Enka Limited,CENTENKA,CENTENKA
Century Extrusions Limited,CENTEXT,CENTEXT
Central Bank of India,CENTRALBK,CENTRALBK
Centrum Capital Limited,CENTRUM,CENTRUM
Centum Electronics Limited,CENTUM,CENTUM
Century Plyboards (India) Limited,CENTURYPLY,CENTURYPLY
Century Textiles & Industries Limited,CENTURYTEX,CENTURYTEX
Cera Sanitaryware Limited,CERA,CERA
Cerebra Integrated Technologies Limited,CEREBRAINT,CEREBRAINT
CESC Limited,CESC,CESC
Capri Global Capital Limited,CGCL,CGCL
CG Power and Industrial Solutions Limited,CGPOWER,CGPOWER
Chalet Hotels Limited,CHALET,CHALET
Chambal Fertilizers & Chemicals Limited,CHAMBLFERT,CHAMBLFERT
Chembond Chemicals Ltd,CHEMBOND,CHEMBOND
Chemcon Speciality Chemicals Limited,CHEMCON,CHEMCON
Chemfab Alkalis Limited,CHEMFAB,CHEMFABALKA
Chennai Petroleum Corporation Limited,CHENNPETRO,CHENNPETRO
Cholamandalam Investment and Finance Company Limited,CHOLAFIN,CHOLAFIN
Cholamandalam Financial Holdings Limited,CHOLAHLDNG,CHOLAHLDNG
Cigniti Technologies Limited,CIGNITITEC,CIGNITI
Cineline India Limited,CINELINE,CINELINE
Cinevista Limited,CINEVISTA,CINEVISTA
Cipla Limited,CIPLA,CIPLA
CL Educate Limited,CLEDUCATE,CLEDUCATE
Clariant Chemicals (India) Limited,CLNINDIA,CLNINDIA
Chaman Lal Setia Exports Limited,CLSEL,CHAMANSEQ
CMI Limited,CMICABLES,CMI
Coal India Limited,COALINDIA,COALINDIA
Cochin Shipyard Limited,COCHINSHIP,COCHINSHIP
Coffee Day Enterprises Limited,COFFEEDAY,COFFEEDAY
Coforge Limited,COFORGE,COFORGE
Colgate Palmolive (India) Limited,COLPAL,COLPAL
Compuage Infocom Limited,COMPINFO,COMPUAGE
Compucom Software Limited,COMPUSOFT,COMPUSOFT
Container Corporation of India Limited,CONCOR,CONCOR
Confidence Petroleum India Limited,CONFIPET,CONFIPET
Control Print Limited,CONTROLPR,CONTROLPR
Coral India Finance & Housing Limited,CORALFINAC,CORALFINAC
Cords Cable Industries Limited,CORDSCABLE,CORDSCABLE
Coromandel International Limited,COROMANDEL,COROMANDEL
Cosmo Films Limited,COSMOFILMS,COSMOFILMS
Country Condo's Limited,COUNCODOS,COUNCODOS
Cox & Kings Limited,COX&KINGS,COX&KINGS
Craftsman Automation Limited,CRAFTSMAN,CRAFTSMAN
Creative Eye Limited,CREATIVEYE,CREATIVEYE
CREDITACCESS GRAMEEN LIMITED,CREDITACC,CREDITACC
Crest Ventures Limited,CREST,CREST
CRISIL Limited,CRISIL,CRISIL
Crompton Greaves Consumer Electricals Limited,CROMPTON,CROMPTON
CSB Bank Limited,CSBBANK,CSBBANK
Cambridge Technology Enterprises Limited,CTE,CTE
City Union Bank Limited,CUB,CUB
Cubex Tubings Limited,CUBEXTUB,CUBEXTUB
Cummins India Limited,CUMMINSIND,CUMMINSIND
Cupid Limited,CUPID,CUPID
Cyber Media (India) Limited,CYBERMEDIA,CYBERMEDIA
Cybertech Systems And Software Limited,CYBERTECH,CYBERTECH
Cyient Limited,CYIENT,CYIENT
LT Foods Limited,DAAWAT,DAAWAT
Dabur India Limited,DABUR,DABUR
DSJ Communications Limited,DALALSTCOM,DALALSTCOM
Dalmia Bharat Limited,DALBHARAT,DALBHARAT
Dalmia Bharat Sugar and Industries Limited,DALMIASUG,DALMIASUG
Damodar Industries Limited,DAMODARIND,DAMOINDUS
Datamatics Global Services Limited,DATAMATICS,DATAMATICS
D.B.Corp Limited,DBCORP,DBCORP
Dilip Buildcon Limited,DBL,DBL
D B Realty Limited,DBREALTY,DBREALTY
DB (International) Stock Brokers Limited,DBSTOCKBRO,DBSTOCKBRO
Dishman Carbogen Amcis Limited,DCAL,DCAL
DCB Bank Limited,DCBBANK,DCBBANK
DCM  Limited,DCM,DCM
DCM Financial Services Limited,DCMFINSERV,DCMFINSERV
DCM Nouvelle Limited,DCMNVL,DCMNVL
DCM Shriram Limited,DCMSHRIRAM,DCMSHRIRAM
DCW Limited,DCW,DCW
Deccan Cements Limited,DECCANCE,DECCANCE
Deepak Fertilizers and Petrochemicals Corporation Limited,DEEPAKFERT,DEEPAKFERT
Deepak Nitrite Limited,DEEPAKNTR,DEEPAKNI
DEEP ENERGY RESOURCES LIMITED,DEEPENR,DEEPENR
Deep Industries Limited,DEEPINDS,DEEPIND
Delta Corp Limited,DELTACORP,DELTACORP
Delta Manufacturing Limited,DELTAMAGNT,DELTAMAGNT
Den Networks Limited,DEN,DEN
De Nora India Limited,DENORA,DENORA
DFM Foods Limited,DFMFOODS,DFM
Digicontent Limited,DGCONTENT,DGCONTENT
Dhampur Sugar Mills Limited,DHAMPURSUG,DHAMPURSUG
Dhanlaxmi Bank Limited,DHANBANK,DHANBANK
Dhani Services Limited,DHANI,DHANI
Dhanuka Agritech Limited,DHANUKA,DHANUKA
Dharani Sugars & Chemicals Limited,DHARSUGAR,DHARSUGAR
Dewan Housing Finance Corporation Limited,DHFL,DHFL
Dhunseri Investments Limited,DHUNINV,DHUNINV
Prataap Snacks Limited,DIAMONDYD,DIAMONDYD
DIC India Limited,DICIND,DICIND
DiGiSPICE Technologies Limited,DIGISPICE,DIGISPICE
Dish TV India Limited,DISHTV,DISHTV
Divi's Laboratories Limited,DIVISLAB,DIVISLAB
Dixon Technologies (India) Limited,DIXON,DIXON
DLF Limited,DLF,DLF
D-Link (India) Limited,DLINKINDIA,DLINKINDIA
Avenue Supermarts Limited,DMART,DMART
Diligent Media Corporation Limited,DNAMEDIA,DNAMEDIA
Dolat Investments Limited,DOLAT,DOLAT
Dollar Industries Limited,DOLLAR,DOLLAR
Donear Industries Limited,DONEAR,DONEAR
DRC Systems India Limited,DRCSYSTEMS,DRCSYSTEMS
Dredging Corporation of India Limited,DREDGECORP,DREDGECORP
Dr. Reddy's Laboratories Limited,DRREDDY,DRREDDY
Dynacons Systems & Solutions Limited,DSSL,DSSL
Dhunseri Tea & Industries Limited,DTIL,DHUNTEAIND
Ducon Infratechnologies Limited,DUCON,DUCON
Dhunseri Ventures Limited,DVL,DVL
Dwarikesh Sugar Industries Limited,DWARKESH,DWARKESH
Dynamatic Technologies Limited,DYNAMATECH,DYNAMATECH
Dynemic Products Limited,DYNPRO,DYNPRO
Easy Trip Planners Limited,EASEMYTRIP,EASEMYTRIP
Eastern Silk Industries Limited,EASTSILK,EASTSILK
Easun Reyrolle Limited,EASUNREYRL,EASUNREYRL
EBIXCASH WORLD MONEY INDIA LIMITED,EBIXFOREX,EBIXFOREX
eClerx Services Limited,ECLERX,ECLERX
Edelweiss Financial Services Limited,EDELWEISS,EDELWEISS
Educomp Solutions Limited,EDUCOMP,EDUCOMP
Eicher Motors Limited,EICHERMOT,EICHERMOT
EID Parry India Limited,EIDPARRY,EIDPARRY
EIH Associated Hotels Limited,EIHAHOTELS,EIHAHOTELS
EIH Limited,EIHOTEL,EIHOTEL
Eimco Elecon (India) Limited,EIMCOELECO,EIMCOELECO
Everest Kanto Cylinder Limited,EKC,EKC
Elecon Engineering Company Limited,ELECON,ELECON
Electrosteel Castings Limited,ELECTCAST,ELECTCAST
Electrotherm (India) Limited,ELECTHERM,ELECTHERM
Elgi Equipments Limited,ELGIEQUIP,ELGIEQUIP
Emami Limited,EMAMILTD,EMAMILTD
Emami Paper Mills Limited,EMAMIPAP,EMAMIPAP
Emami Realty Limited,EMAMIREAL,EMAMIREAL
Emco Limited,EMCO,EMCO
Emkay Global Financial Services Limited,EMKAY,EMKAY
Emmbi Industries Limited,EMMBI,EMMBI
Endurance Technologies Limited,ENDURANCE,ENDURANCE
Energy Development Company Limited,ENERGYDEV,ENERGYDEV
Engineers India Limited,ENGINERSIN,ENGINERSIN
Entertainment Network (India) Limited,ENIL,ENIL
EPL Limited,EPL,EPL
Equitas Holdings Limited,EQUITAS,EQUITAS
Equitas Small Finance Bank Limited,EQUITASBNK,EQUITASBNK
Eris Lifesciences Limited,ERIS,ERIS
Eros International Media Limited,EROSMEDIA,EROSMEDIA
Esab India Limited,ESABINDIA,ESABINDIA
Escorts Limited,ESCORTS,ESCORTS
Essar Shipping Limited,ESSARSHPNG,ESSARSHPNG
Ester Industries Limited,ESTER,ESTER
Eurotex Industries and Exports Limited,EUROTEXIND,EUROTEXIND
Eveready Industries India Limited,EVEREADY,EVEREADY
Everest Industries Limited,EVERESTIND,EVERESTIND
Excel Realty N Infra Limited,EXCEL,EXCEL
Excel Industries Limited,EXCELINDUS,EXCELINDUS
Exide Industries Limited,EXIDEIND,EXIDEIND
Expleo Solutions Limited,EXPLEOSOL,EXPLEOSOL
Fertilizers and Chemicals Travancore Limited,FACT,FACT
Fairchem Organics Limited,FAIRCHEMOR,FAIRCHEMOR
Fineotex Chemical Limited,FCL,FCL
Future Consumer Limited,FCONSUMER,FCONSUMER
FCS Software Solutions Limited,FCSSOFT,FCSSOFT
FDC Limited,FDC,FDC
The Federal Bank  Limited,FEDERALBNK,FEDERALBNK
Future Enterprises Limited,FEL,FEL
Future Enterprises Limited,FELDVR,FELDVR
Fiem Industries Limited,FIEMIND,FIEMIND
Filatex India Limited,FILATEX,FILATEX
Finolex Cables Limited,FINCABLES,FINCABLES
Fine Organic Industries Limited,FINEORG,FINEORG
Finolex Industries Limited,FINPIPE,FINOLEXIND
Flexituff Ventures International Limited,FLEXITUFF,FLEXITUFF
Future Lifestyle Fashions Limited,FLFL,FLFL
Gujarat Fluorochemicals Limited,FLUOROCHEM,FLUOROCHEM
Federal-Mogul Goetze (India) Limited.,FMGOETZE,FMGOETZE
Future Market Networks Limited,FMNL,FMNL
FORCE MOTORS LTD,FORCEMOT,FORCEMOT
Fortis Healthcare Limited,FORTIS,FORTIS
Foseco India Limited,FOSECOIND,FOSECOIND
Future Retail Limited,FRETAIL,FRETAIL
Future Supply Chain Solutions Limited,FSC,FSC
Firstsource Solutions Limited,FSL,FSL
Gabriel India Limited,GABRIEL,GABRIEL
Gujarat Ambuja Exports Limited,GAEL,GAEL
GAIL (India) Limited,GAIL,GAIL
Gyscoal Alloys Limited,GAL,GAL
Galaxy Surfactants Limited,GALAXYSURF,GALAXYSURF
Gallantt Metal Limited,GALLANTT,GALLANTT
Gallantt Ispat Limited,GALLISPAT,GALLISPAT
Gammon Infrastructure Projects Limited,GAMMNINFRA,GAMMNINFRA
Gandhi Special Tubes Limited,GANDHITUBE,GANDHITUBE
Ganesha Ecosphere Limited,GANECOS,GANECOS
Ganesh Housing Corporation Limited,GANESHHOUC,GANESHHOUC
Ganges Securities Limited,GANGESSECU,GANGESSEC
Garware Technical Fibres Limited,GARFIBRES,GARFIBRES
GATI Limited,GATI,GATI
Gayatri Highways Limited,GAYAHWS,GAYAHWS
Gayatri Projects Limited,GAYAPROJ,GAYAPROJ
Gateway Distriparks Limited,GDL,GDL
GeeCee Ventures Limited,GEECEE,GEECEE
Generic Engineering Construction and Projects Limited,GENCON,GENCON
Genesys International Corporation Limited,GENESYS,GENESYS
Genus Paper & Boards Limited,GENUSPAPER,GENUSPAPER
Genus Power Infrastructures Limited,GENUSPOWER,GENUSPOWER
Geojit Financial Services Limited,GEOJITFSL,GEOJITFSL
GE Power India Limited,GEPIL,GEPIL
The Great Eastern Shipping Company Limited,GESHIP,GESHIP
GE T&D India Limited,GET&D,GET&D
GFL Limited,GFLLIMITED,GFLLIMITED
Grand Foundry Limited,GFSTEELS,GRANDFONRY
GHCL Limited,GHCL,GHCL
GIC Housing Finance Limited,GICHSGFIN,GICHSGFIN
General Insurance Corporation of India,GICRE,GICRE
Gillanders Arbuthnot & Company Limited,GILLANDERS,GILLANDERS
Gillette India Limited,GILLETTE,GILLETTE
Ginni Filaments Limited,GINNIFILA,GINNIFILA
Gujarat Industries Power Company Limited,GIPCL,GIPCL
GI Engineering Solutions Limited,GISOLUTION,GISOLUTION
Gland Pharma Limited,GLAND,GLAND
GlaxoSmithKline Pharmaceuticals Limited,GLAXO,GLAXO
Glenmark Pharmaceuticals Limited,GLENMARK,GLENMARK
Gujarat Lease Financing Limited,GLFL,GLFL
Global Vectra Helicorp Limited,GLOBALVECT,GLOBALVECT
Globus Spirits Limited,GLOBUSSPR,GLOBUSSPR
GM Breweries Limited,GMBREW,GMBREW
Gujarat Mineral Development Corporation Limited,GMDCLTD,GMDCLTD
GMM Pfaudler Limited,GMMPFAUDLR,GMM
GMR Infrastructure Limited,GMRINFRA,GMRINFRA
GNA Axles Limited,GNA,GNA
Gujarat Narmada Valley Fertilizers and Chemicals Limited,GNFC,GNFC
Goa Carbon Limited,GOACARBON,GOACARBON
GOCL Corporation Limited,GOCLCORP,GOCLCORP
Godfrey Phillips India Limited,GODFRYPHLP,GODFRYPHLP
Godrej Agrovet Limited,GODREJAGRO,GODREJAGRO
Godrej Consumer Products Limited,GODREJCP,GODREJCP
Godrej Industries Limited,GODREJIND,GODREJIND
Godrej Properties Limited,GODREJPROP,GODREJPROP
Goenka Diamond and Jewels Limited,GOENKA,GOENKA
Gokaldas Exports Limited,GOKEX,GOKEX
Gokul Refoils and Solvent Limited,GOKUL,GOKUL
Gokul Agro Resources Limited,GOKULAGRO,GOKULAGRO
Golden Tobacco Limited,GOLDENTOBC,GOLDENTOBC
Goldiam International Limited,GOLDIAM,GOLDIAM
Goldstone Technologies Limited,GOLDTECH,GOLDTECH
Goodluck India Limited,GOODLUCK,GOODLUCK
Goodyear India Limited,GOODYEAR,GOODYEAR
Godawari Power And Ispat limited,GPIL,GPIL
Gujarat Pipavav Port Limited,GPPL,GPPL
GPT Infraprojects Limited,GPTINFRA,GPTINFRA
Granules India Limited,GRANULES,GRANULES
Graphite India Limited,GRAPHITE,GRAPHITE
Grasim Industries Limited,GRASIM,GRASIM
Gravita India Limited,GRAVITA,GRAVITA
Greaves Cotton Limited,GREAVESCOT,GREAVESCOT
Greenlam Industries Limited,GREENLAM,GRNLAMIND
Greenpanel Industries Limited,GREENPANEL,GREENPANEL
Greenply Industries Limited,GREENPLY,GREENPLY
Orient Green Power Company Limited,GREENPOWER,GREENPOWER
Grindwell Norton Limited,GRINDWELL,GRINDWELL
GRP Limited,GRPLTD,GRPLTD
Garden Reach Shipbuilders & Engineers Limited,GRSE,GRSE
Gujarat Sidhee Cement Limited,GSCLCEMENT,GSCLCEMENT
Gujarat State Fertilizers & Chemicals Limited,GSFC,GSFC
Gujarat State Petronet Limited,GSPL,GSPL
GSS Infotech Limited,GSS,GSS
GTL Limited,GTL,GTL
GTL Infrastructure Limited,GTLINFRA,GTLINFRA
GTN Textiles Limited,GTNTEX,GTNTEX
GTPL Hathway Limited,GTPL,GTPL
Gufic Biosciences Limited,GUFICBIO,GUFICBIO
Gujarat Alkalies and Chemicals Limited,GUJALKALI,GUJALKALI
Gujarat Apollo Industries Limited,GUJAPOLLO,GUJAPOLLO
Gujarat Gas Limited,GUJGASLTD,GUJGAS
Gujarat Raffia Industries Limited,GUJRAFFIA,GUJRAFIA
Gulf Oil Lubricants India Limited,GULFOILLUB,GULFOILLUB
GP Petroleums Limited,GULFPETRO,GULFPETRO
Gulshan Polyols Limited,GULPOLY,GULPOLY
Hindustan Aeronautics Limited,HAL,HAL
Happiest Minds Technologies Limited,HAPPSTMNDS,HAPPSTMNDS
Harrisons  Malayalam Limited,HARRMALAYA,HARRMALAYA
Hathway Cable & Datacom Limited,HATHWAY,HATHWAY
Hatsun Agro Product Limited,HATSUN,HATSUN
Havells India Limited,HAVELLS,HAVELLS
Sri Havisha Hospitality and Infrastructure Limited,HAVISHA,HAVISHA
HBL Power Systems Limited,HBLPOWER,HBLPOWER
HB Stockholdings Limited,HBSL,HBSTOCK
Hindustan Construction Company Limited,HCC,HCC
Healthcare Global Enterprises Limited,HCG,HCG
HCL Infosystems Limited,HCL-INSYS,HCL-INSYS
HCL Technologies Limited,HCLTECH,HCLTECH
Housing Development Finance Corporation Limited,HDFC,HDFC
HDFC Asset Management Company Limited,HDFCAMC,HDFCAMC
HDFC Bank Limited,HDFCBANK,HDFCBANK
HDFC Life Insurance Company Limited,HDFCLIFE,HDFCLIFE
Housing Development and Infrastructure Limited,HDIL,HDIL
HEG Limited,HEG,HEG
HeidelbergCement India Limited,HEIDELBERG,HEIDELBERG
Hemisphere Properties India Limited,HEMIPROP,HEMIPROP
Heranba Industries Limited,HERANBA,HERANBA
Hercules Hoists Limited,HERCULES,HERCULES
Heritage Foods Limited,HERITGFOOD,HERITGFOOD
Hero MotoCorp Limited,HEROMOTOCO,HEROMOTOCO
Hester Biosciences Limited,HESTERBIO,HESTERBIO
Hexa Tradex Limited,HEXATRADEX,HEXATRADEX
HFCL Limited,HFCL,HFCL
H.G. Infra Engineering Limited,HGINFRA,HGINFRA
Hinduja Global Solutions Limited,HGS,HGS
Hikal Limited,HIKAL,HIKAL
HIL Limited,HIL,HIL
Hilton Metal Forging Limited,HILTON,HILTON
Himatsingka Seide Limited,HIMATSEIDE,HIMATSEIDE
Hindalco Industries Limited,HINDALCO,HINDALCO
Hindustan Composites Limited,HINDCOMPOS,HINDCOMPOS
Hindustan Copper Limited,HINDCOPPER,HINDCOPPER
Hindustan Motors Limited,HINDMOTORS,HINDMOTORS
Hindusthan National Glass & Industries Limited,HINDNATGLS,HINDNATGLS
Hindustan Oil Exploration Company Limited,HINDOILEXP,HINDOILEXP
Hindustan Petroleum Corporation Limited,HINDPETRO,HINDPETRO
Hindustan Unilever Limited,HINDUNILVR,HINDUNILVR
Hindustan Zinc Limited,HINDZINC,HINDZINC
Hind Rectifiers Limited,HIRECT,HIRECT
Hisar Metal Industries Limited,HISARMETAL,HISARMET
Hitech Corporation Limited,HITECHCORP,HITECHCORP
The Hi-Tech Gears Limited,HITECHGEAR,HITECHGEAR
HLE Glascoat Limited,HLEGLAS,HLEGLAS
HLV LIMITED,HLVLTD,HLVLTD
HMT Limited,HMT,HMT
Hindustan Media Ventures Limited,HMVL,HMVL
Hindustan Foods Limited,HNDFDS,HNDFDS
Home First Finance Company India Limited,HOMEFIRST,HOMEFIRST
Honeywell Automation India Limited,HONAUT,HONAUT
Honda India Power Products Limited,HONDAPOWER,HONDAPOWER
Hotel Rugby Limited,HOTELRUGBY,HOTELRUGBY
HOV Services Limited,HOVS,HOVS
HPL Electric & Power Limited,HPL,HPL
Himadri Speciality Chemical Limited,HSCL,HSCL
HSIL Limited,HSIL,HSIL
HT Media Limited,HTMEDIA,HTMEDIA
Hubtown Limited,HUBTOWN,HUBTOWN
Housing & Urban Development Corporation Limited,HUDCO,HUDCO
Huhtamaki India Limited,HUHTAMAKI,HUHTAMAKI
Indiabulls Real Estate Limited,IBREALEST,IBREALEST
Indiabulls Housing Finance Limited,IBULHSGFIN,IBULHSGFIN
ICICI Bank Limited,ICICIBANK,ICICIBANK
ICICI Lombard General Insurance Company Limited,ICICIGI,ICICIGI
ICICI Prudential Life Insurance Company Limited,ICICIPRULI,ICICIPRULI
Indo Count Industries Limited,ICIL,ICIL
ICRA Limited,ICRA,ICRA
IDBI Bank Limited,IDBI,IDBI
Vodafone Idea Limited,IDEA,IDEA
IDFC Limited,IDFC,IDFC
IDFC First Bank Limited,IDFCFIRSTB,IDFCFIRSTB
Indian Energy Exchange Limited,IEX,IEX
IFB Agro Industries Limited,IFBAGRO,IFBAGRO
IFB Industries Limited,IFBIND,IFBIND
IFCI Limited,IFCI,IFCI
IFGL Refractories Limited,IFGLEXPOR,IFGLEXPOR
Igarashi Motors India Limited,IGARASHI,IGARASHI
Indraprastha Gas Limited,IGL,IGL
IG Petrochemicals Limited,IGPL,IGPL
IIFL Finance Limited,IIFL,IIFL
IIFL Securities Limited,IIFLSEC,IIFLSEC
Iifl Wealth Management Limited,IIFLWAM,IIFLWAM
Industrial Investment Trust Limited,IITL,IITL
IL&FS Engineering and Construction Company Limited,IL&FSENGG,IL&FSENGG
IL&FS Transportation Networks Limited,IL&FSTRANS,IL&FSTRANS
Imagicaaworld Entertainment Limited,IMAGICAA,IMAGICAA
Indian Metals & Ferro Alloys Limited,IMFA,IMFA
India Motor Parts and Accessories Limited,IMPAL,IMPAL
Impex Ferro Tech Limited,IMPEXFERRO,IMPEXFERRO
INCREDIBLE INDUSTRIES LIMITED,INCREDIBLE,INCREDIBLE
Indbank Merchant Banking Services Limited,INDBANK,INDBANK
The Indian Hotels Company Limited,INDHOTEL,INDHOTEL
The India Cements Limited,INDIACEM,INDIACEM
India Glycols Limited,INDIAGLYCO,INDIAGLYCO
Indiamart Intermesh Limited,INDIAMART,INDIAMART
Indian Bank,INDIANB,INDIANB
Indian Card Clothing Company Limited,INDIANCARD,INDIANCARD
Indian Hume Pipe Company Limited,INDIANHUME,INDIANHUME
InterGlobe Aviation Limited,INDIGO,INDIGO
Indigo Paints Limited,INDIGOPNTS,INDIGOPNTS
IMP Powers Limited,INDLMETER,INDLMETER
India Nippon Electricals Limited,INDNIPPON,INDNIPPON
Indoco Remedies Limited,INDOCO,INDOCO
Indo Rama Synthetics (India) Limited,INDORAMA,INDORAMA
Indosolar Limited,INDOSOLAR,INDOSOLAR
IndoStar Capital Finance Limited,INDOSTAR,INDOSTAR
Indo Tech Transformers Limited,INDOTECH,INDOTECH
Indo Thai Securities Limited,INDOTHAI,INDOTHAI
Indowind Energy Limited,INDOWIND,INDOWIND
Indraprastha Medical Corporation Limited,INDRAMEDCO,INDRAMEDCO
Ind-Swift Laboratories Limited,INDSWFTLAB,INDSWFTLAB
Indian Terrain Fashions Limited,INDTERRAIN,INDTERRAIN
IndusInd Bank Limited,INDUSINDBK,INDUSINDBK
Indus Towers Limited,INDUSTOWER,INDUSTOWER
INEOS Styrolution India Limited,INEOSSTYRO,INEOSSTYRO
Infibeam Avenues Limited,INFIBEAM,INFIBEAM
Infomedia Press Limited,INFOMEDIA,INFOMEDIA
Infosys Limited,INFY,INFY
Ingersoll Rand (India) Limited,INGERRAND,INGERRAND
INOX Leisure Limited,INOXLEISUR,INOXLEISUR
Inox Wind Limited,INOXWIND,INOXWIND
Insecticides (India) Limited,INSECTICID,INSECTICID*
Inspirisys Solutions Limited,INSPIRISYS,INSPIRISYS
Intellect Design Arena Limited,INTELLECT,INTELLECT
Intense Technologies Limited,INTENTECH,INTENTECH
Inventure Growth & Securities Limited,INVENTURE,INVENTURE
Indian Overseas Bank,IOB,IOB
Indian Oil Corporation Limited,IOC,IOC
IOL Chemicals and Pharmaceuticals Limited,IOLCP,IOLCP
IPCA Laboratories Limited,IPCALAB,IPCALAB
IRB Infrastructure Developers Limited,IRB,IRB
Ircon International Limited,IRCON,IRCON
Indian Railway Catering And Tourism Corporation Limited,IRCTC,IRCTC
Indian Railway Finance Corporation Limited,IRFC,IRFC
ICICI Securities Limited,ISEC,ISEC
Intrasoft Technologies Limited,ISFT,ISFT
Isgec Heavy Engineering Limited,ISGEC,ISGEC
ISMT Limited,ISMTLTD,ISMTLTD
ITC Limited,ITC,ITC
India Tourism Development Corporation Limited,ITDC,ITDC
ITD Cementation India Limited,ITDCEM,ITDCEM
ITI Limited,ITI,ITI
IL&FS Investment Managers Limited,IVC,IVC
IVP Limited,IVP,IVP
IZMO Limited,IZMO,IZMO
The Jammu & Kashmir Bank Limited,J&KBANK,J&KBANK
Jagran Prakashan Limited,JAGRAN,JAGRAN*
Jagsonpal Pharmaceuticals Limited,JAGSNPHARM,JAGSNPHARM
Jai Balaji Industries Limited,JAIBALAJI,JAIBALAJI
Jai Corp Limited,JAICORPLTD,JAICORPLTD
Jain Studios Limited,JAINSTUDIO,JAINSTUDIO
Jamna Auto Industries Limited,JAMNAAUTO,JAMNAAUTO
Jayant Agro Organics Limited,JAYAGROGN,JAYAGROGN
Jay Bharat Maruti Limited,JAYBARMARU,JAYBARMARU
Jayaswal Neco Industries Limited,JAYNECOIND,JAYNECOIND
Jayshree Tea & Industries Limited,JAYSREETEA,JAYSHREETEA
JB Chemicals & Pharmaceuticals Limited,JBCHEPHARM,JBCHEPHARM
JBF Industries Limited,JBFIND,JBFIND
JBM Auto Limited,JBMA,JBMA
Johnson Controls - Hitachi Air Conditioning India Limited,JCHAC,JCHAC
Jet Airways (India) Limited,JETAIRWAYS,JETAIRWAYS
JHS Svendgaard Laboratories Limited,JHS,JHS
JIK Industries Limited,JIKIND,JIKIND
Jindal Photo Limited,JINDALPHOT,JINDALPHOT
Jindal Poly Films Limited,JINDALPOLY,JINDALPOLY
Jindal Saw Limited,JINDALSAW,JINDALSAW
Jindal Steel & Power Limited,JINDALSTEL,JINDALSTEL
Jindal Drilling And Industries Limited,JINDRILL,JINDRILL
Jindal Worldwide Limited,JINDWORLD,JINDWORLD
Jain Irrigation Systems Limited,JISLDVREQS,JISLDVREQS
Jain Irrigation Systems Limited,JISLJALEQS,JISLJALEQS
JITF Infralogistics Limited,JITFINFRA,JITFINFRA
Jiya Eco-Products Limited,JIYAECO,JIYAECO
JK Cement Limited,JKCEMENT,JKCEMENT
J.Kumar Infraprojects Limited,JKIL,JKIL
JK Lakshmi Cement Limited,JKLAKSHMI,JKLAKSHMI
JK Paper Limited,JKPAPER,JKPAPER
JK Tyre & Industries Limited,JKTYRE,JKTYRE
JMC Projects (India)  Limited,JMCPROJECT,JMCPROJECT
JM Financial Limited,JMFINANCIL,JMFINANCIL
JMT Auto Limited,JMTAUTOLTD,JMTAUTOLTD
Jaiprakash Associates Limited,JPASSOCIAT,JPASSOCIAT
Jaypee Infratech Limited,JPINFRATEC,JPINFRATEC
Jaiprakash Power Ventures Limited,JPPOWER,JPPOWER
Jindal Stainless Limited,JSL,JSL
Jindal Stainless (Hisar) Limited,JSLHISAR,JSLHISAR
JSW Energy Limited,JSWENERGY,JSWENERGY
JSW Holdings Limited,JSWHL,JSWHL
JSW Ispat Special Products Limited,JSWISPL,JSWISPL
JSW Steel Limited,JSWSTEEL,JSWSTEEL
Jtekt India Limited,JTEKTINDIA,JTEKTINDIA
Jubilant Foodworks Limited,JUBLFOOD,JUBLFOOD
Jubilant Industries Limited,JUBLINDS,JUBLINDS
Jubilant Ingrevia Limited,JUBLINGREA,JUBLINGREA
Jubilant Pharmova Limited,JUBLPHARMA,JUBLPHARMA
Jump Networks Limited,JUMPNET,JUMPNET
Just Dial Limited,JUSTDIAL,JUSTDIAL
Jyothy Labs Limited,JYOTHYLAB,JYOTHYLAB
Jyoti Structures Limited,JYOTISTRUC,JYOTISTRUC
Kabra Extrusion Technik Limited,KABRAEXTRU,KABRAEXTRU
Kajaria Ceramics Limited,KAJARIACER,KAJARIACER
Kakatiya Cement Sugar & Industries Limited,KAKATCEM,KAKATCEM
Kalpataru Power Transmission Limited,KALPATPOWR,KALPATPOWR
Kalyani Forge Limited,KALYANIFRG,KALYANIFRG
Kalyan Jewellers India Limited,KALYANKJIL,KALYANKJIL
Kamat Hotels (I) Limited,KAMATHOTEL,KAMATHOTEL
Kamdhenu Limited,KAMDHENU,KAMDHENU
Kanani Industries Limited,KANANIIND,KANANIIND
Kanoria Chemicals & Industries Limited,KANORICHEM,KANORICHEM
Kanpur Plastipack Limited,KANPRPLA,KANPRPLA
Kansai Nerolac Paints Limited,KANSAINER,KANSAINER
Karda Constructions Limited,KARDA,KARDA
Karma Energy Limited,KARMAENG,KARMAENG
Karur Vysya Bank Limited,KARURVYSYA,KARURVYSYA
Kaushalya Infrastructure Development Corporation Limited,KAUSHALYA,KAUSHALYA
Kaya Limited,KAYA,KAYA
KCP Limited,KCP,KCP
KCP Sugar and Industries Corporation Limited,KCPSUGIND,KCPSUGIND
KDDL Limited,KDDL,KDDL
KEC International Limited,KEC,KEC
Kirloskar Electric Company Limited,KECL,KECL
KEI Industries Limited,KEI,KEI
Kellton Tech Solutions Limited,KELLTONTEC,KELLTONTEC
Kennametal India Limited,KENNAMET,KENNAMET
Kernex Microsystems (India) Limited,KERNEX,KERNEX
Kesoram Industries Limited,KESORAMIND,KESORAMIND
Keynote Financial Services Limited,KEYFINSERV,KEYFINSER
Khadim India Limited,KHADIM,KHADIM
Khaitan Chemicals & Fertilizers Limited,KHAICHEM,KHAICHEM
Khandwala Securities Limited,KHANDSE,KHANDSE
Kalyani Investment Company Limited,KICL,KICL
Kilitch Drugs (India) Limited,KILITCH,KILITCH
Kingfa Science & Technology (India) Limited,KINGFA,KINGFA
KIOCL Limited,KIOCL,KIOCL
Kiri Industries Limited,KIRIINDUS,KIRIINDUS
Kirloskar Ferrous Industries Ltd,KIRLFER,KIRLFER
Kirloskar Brothers Limited,KIRLOSBROS,KIRLOSBROS
Kirloskar Oil Engines Limited,KIRLOSENG,KIRLOSENG
Kirloskar Industries Limited,KIRLOSIND,KIRLOSIND
Kitex Garments Limited,KITEX,KITEX
Kewal Kiran Clothing Limited,KKCL,KKCL
K.M.Sugar Mills Limited,KMSUGAR,KMSUGAR
KNR Constructions Limited,KNRCON,KNRCON
Kokuyo Camlin Limited,KOKUYOCMLN,KOKUYOCMLN
Kolte - Patil Developers Limited,KOLTEPATIL,KOLTEPATIL
Kopran Limited,KOPRAN,KOPRAN
Kotak Mahindra Bank Limited,KOTAKBANK,KOTAKBANK
Kothari Products Limited,KOTHARIPRO,KOTHARIPRO
KPIT Technologies Limited,KPITTECH,KPITTECH
K.P.R. Mill Limited,KPRMILL,KPRMILL
KRBL Limited,KRBL,KRBL
Krebs Biochemicals and Industries Limited,KREBSBIO,KREBSBIO
Kridhan Infra Limited,KRIDHANINF,KRIINFRA
Ksb Limited,KSB,KSB
Kaveri Seed Company Limited,KSCL,KSCL
Kalyani Steels Limited,KSL,KSL
The Karnataka Bank Limited,KTKBANK,KTKBANK
Kuantum Papers Limited,KUANTUM,KUANTUM
L&T Finance Holdings Limited,L&TFH,L&TFH
Lakshmi Precision Screws Limited,LAKPRE,LAKPRE
Dr. Lal Path Labs Ltd.,LALPATHLAB,LALPATHLAB
Lambodhara Textiles Limited,LAMBODHARA,LAMBODHARA
La Opala RG Limited,LAOPALA,LAOPALA
Lasa Supergenerics Limited,LASA,LASA
Laurus Labs Limited,LAURUSLABS,LAURUSLABS
Lakshmi Machine Works Limited,LAXMIMACH,LAXMIMACH
LCC Infotech Limited,LCCINFOTEC,LCCINFOTEC
Lemon Tree Hotels Limited,LEMONTREE,LEMONTREE
LG Balakrishnan & Bros Limited,LGBBROSLTD,LGBBROSLTD
LGB Forge Limited,LGBFORGE,LGBFORGE
Liberty Shoes Limited,LIBERTSHOE,LIBERTSHOE
LIC Housing Finance Limited,LICHSGFIN,LICHSGFIN
Likhitha Infrastructure Limited,LIKHITHA,LIKHITHA
Lincoln Pharmaceuticals Limited,LINCOLN,LINCOPH
Linc Pen & Plastics Limited,LINCPEN,LINCPENQ
Linde India Limited,LINDEINDIA,LINDEINDIA
Macrotech Developers Limited,LODHA,LODHA
Lokesh Machines Limited,LOKESHMACH,LOKESHMACH
Lotus Eye Hospital and Institute Limited,LOTUSEYE,LEHIL
Lovable Lingerie Limited,LOVABLE,LOVABLE
Landmark Property Development Company Limited,LPDC,LPDC
Lloyds Steels Industries Limited,LSIL,LLOYDSTEEL
Larsen & Toubro Limited,LT,LT
Larsen & Toubro Infotech Limited,LTI,LTI
L&T Technology Services Limited,LTTS,LTTS
Lumax Industries Limited,LUMAXIND,LUMAXIND
Lumax Auto Technologies Limited,LUMAXTECH,LUMAXTECH
Lupin Limited,LUPIN,LUPIN
Lux Industries Limited,LUXIND,LUXIND
Laxmi Organic Industries Limited,LXCHEM,LXCHEM
Lyka Labs Limited,LYKALABS,LYKALABS
Lypsa Gems & Jewellery Limited,LYPSAGEMS,LYPSAGEMS
Mahindra & Mahindra Limited,M&M,M&M
Mahindra & Mahindra Financial Services Limited,M&MFIN,M&MFIN
Maan Aluminium Limited,MAANALU,MAANALU
Madhav Marbles and Granites Limited,MADHAV,MADHAV
Madhucon Projects Limited,MADHUCON,MADHUCON
Madras Fertilizers Limited,MADRASFERT,MADRASFERT
Magadh Sugar & Energy Limited,MAGADSUGAR,MAGADHSUGAR
Magma Fincorp Limited,MAGMA,MAGMA
Magnum Ventures Limited,MAGNUM,MAGNUM
Bank of Maharashtra,MAHABANK,MAHABANK
Maha Rashtra Apex Corporation Limited,MAHAPEXLTD,MAHAPEXLTD
Mahamaya Steel Industries Limited,MAHASTEEL,MAHASTEEL
Mahindra EPC Irrigation Limited,MAHEPC,MAHEPC
Mahindra CIE Automotive Limited,MAHINDCIE,MAHINDCIE
Mahindra Lifespace Developers Limited,MAHLIFE,MAHLIFE
Mahindra Logistics Limited,MAHLOG,MAHLOG
Maharashtra Scooters Limited,MAHSCOOTER,MAHSCOOTER
Maharashtra Seamless Limited,MAHSEAMLES,MAHSEAMLES
Maithan Alloys Limited,MAITHANALL,MAITHANALL
Majesco Limited,MAJESCO,MJCO
Malu Paper Mills Limited,MALUPAPER,MALUPAPER
Manaksia Aluminium Company Limited,MANAKALUCO,MNKALCOLTD
Manaksia Coated Metals & Industries Limited,MANAKCOAT,MNKCMILTD
Manaksia Limited,MANAKSIA,MANAKSIA
Manaksia Steels Limited,MANAKSTEEL,MANAKSTELTD
Manali Petrochemicals Limited,MANALIPETC,MANALIPETC
Manappuram Finance Limited,MANAPPURAM,MANAPPURAM
Mangalam Drugs And Organics Limited,MANGALAM,MANGALAM
Mangalore Chemicals & Fertilizers Limited,MANGCHEFER,MANGCHEFER
Mangalam Cement Limited,MANGLMCEM,MANGLMCEM
Mangalam Timber Products Limited,MANGTIMBER,MANGTIMBER
Man Industries (India) Limited,MANINDS,MANINDS
Man Infraconstruction Limited,MANINFRA,MANINFRA
Manugraph India Limited,MANUGRAPH,MANUGRAPH
Maral Overseas Limited,MARALOVER,MARALOVER
Marathon Nextgen Realty Limited,MARATHON,MARATHON
Marico Limited,MARICO,MARICO
Marksans Pharma Limited,MARKSANS,MARKSANS
Maruti Suzuki India Limited,MARUTI,MARUTI
MAS Financial Services Limited,MASFIN,MASFIN
Mastek Limited,MASTEK,MASTEK
Matrimony.Com Limited,MATRIMONY,MATRIMONY
Mawana Sugars Limited,MAWANASUG,MAWANASUG
Max Healthcare Institute Limited,MAXHEALTH,MAXHEALTH
Max India Limited,MAXIND,MAXINDIA
Max Ventures and Industries Limited,MAXVIL,MAXVIL
Mayur Uniquoters Ltd,MAYURUNIQ,MAYURUNIQ
Mazda Limited,MAZDA,MAZDALTD
Mazagon Dock Shipbuilders Limited,MAZDOCK,MAZDOCK
Mcnally Bharat Engineering Company Limited,MBECL,MBECL
MBL Infrastructures Limited,MBLINFRA,MBLINFRA
McDowell Holdings Limited,MCDHOLDING,MCDHOLDING
United Spirits Limited,MCDOWELL-N,UNITDSPR
Mcleod Russel India Limited,MCLEODRUSS,MCLEODRUSS
Multi Commodity Exchange of India Limited,MCX,MCX
Megasoft Limited,MEGASOFT,MEGASOFT
Melstar Information Technologies Limited,MELSTAR,MELSTAR
Menon Bearings Limited,MENONBE,MENONBE
MEP Infrastructure Developers Limited,MEP,MEP
Mercator Limited,MERCATOR,MERCATOR
Metalyst Forgings Limited,METALFORGE,METALFORGE
Metropolis Healthcare Limited,METROPOLIS,METROPOLIS
Max Financial Services Limited,MFSL,MFSL
Mahanagar Gas Limited,MGL,MGL
Mahindra Holidays & Resorts India Limited,MHRIL,MHRIL
MIC Electronics Limited,MIC,MIC
Mishra Dhatu Nigam Limited,MIDHANI,MIDHANI
Minda Corporation Limited,MINDACORP,MINDACORP
Minda Industries Limited,MINDAIND,MINDAIND
Mindteck (India) Limited,MINDTECK,MINDTECK
MindTree Limited,MINDTREE,MINDTREE
MIRC Electronics Limited,MIRCELECTR,MIRCELECTR
Mirza International Limited,MIRZAINT,MIRZAINT
MM Forgings Limited,MMFL,MMFL
MMTC Limited,MMTC,MMTC
Modi Rubber Limited,MODIRUBBER,MODIRUBBER
Modison Metals Limited,MODISNME,MODISNME
Mohit Industries Limited,MOHITIND,MOHITIND
Mohota Industries Limited,MOHOTAIND,MOHOTAIND
MOIL Limited,MOIL,MOIL
Mold-Tek Technologies Limited,MOLDTECH,MOLDTEK
Mold-Tek Packaging Limited,MOLDTKPAC,MOLDTKPAC
Monte Carlo Fashions Limited,MONTECARLO,MONTECARLO
Morarjee Textiles Limited,MORARJEE,MORARJEE
Morepen Laboratories Limited,MOREPENLAB,MOREPENLAB
Motherson Sumi Systems Limited,MOTHERSUMI,MOTHERSUMI
Motilal Oswal Financial Services Limited,MOTILALOFS,MOTILALOFS
The Motor & General Finance Limited,MOTOGENFIN,MOTOGENFIN
MphasiS Limited,MPHASIS,MPHASIS
MPS Limited,MPSLTD,MPSLTD
MRF Limited,MRF,MRF
MRO-TEK Realty Limited,MRO-TEK,MRO-TEK
Mangalore Refinery and Petrochemicals Limited,MRPL,MRPL
MSP Steel & Power Limited,MSPL,MSPL
Mstc Limited,MSTCLTD,MSTC
Mtar Technologies Limited,MTARTECH,MTARTECH
MT Educare Limited,MTEDUCARE,MTEDUCARE
Mahanagar Telephone Nigam Limited,MTNL,MTNL
Mukand Limited,MUKANDLTD,MUKANDLTD
Mukta Arts Limited,MUKTAARTS,MUKTAARTS
Munjal Auto Industries Limited,MUNJALAU,MUNJALAU
Munjal Showa Limited,MUNJALSHOW,MUNJALSHOW
Murudeshwar Ceramics Limited,MURUDCERA,MURUDCERA
Muthoot Capital Services Limited,MUTHOOTCAP,MUTHTFN
Muthoot Finance Limited,MUTHOOTFIN,MUTHOOTFIN
NACL Industries Limited,NACLIND,NACLIND
Nagarjuna Fertilizers and Chemicals Limited,NAGAFERT,NAGARFERT
Nagreeka Capital & Infrastructure Limited,NAGREEKCAP,NAGREEKCAP
Nagreeka Exports Limited,NAGREEKEXP,NAGREEKEXP
Nahar Capital and Financial Services Limited,NAHARCAP,NAHARCAP
Nahar Industrial Enterprises Limited,NAHARINDUS,NAHARINDUS
Nahar Poly Films Limited,NAHARPOLY,NAHARPOLY
Nahar Spinning Mills Limited,NAHARSPING,NAHARSPING
Nippon Life India Asset Management Limited,NAM-INDIA,NAM-INDIA
Natco Pharma Limited,NATCOPHARM,NATCOPHARM
Nath Bio-Genes (India) Limited,NATHBIOGEN,NATHBIOGEN
National Aluminium Company Limited,NATIONALUM,NATIONALUM
Info Edge (India) Limited,NAUKRI,NAUKRI
Navin Fluorine International Limited,NAVINFLUOR,NAVINFLUOR
Navkar Corporation Limited,NAVKARCORP,NAVKARCORP
Navneet Education Limited,NAVNETEDUL,NAVNETEDUL
Nazara Technologies Limited,NAZARA,NAZARA
NBCC (India) Limited,NBCC,NBCC
Nava Bharat Ventures Limited,NBVENTURES,NBVENTURES*
NCC Limited,NCC,NCC
NCL Industries Limited,NCLIND,NCLIND
Nandan Denim Limited,NDL,NDL
Ndr Auto Components Limited,NDRAUTO,NDRAUTO
New Delhi Television Limited,NDTV,NDTV
North Eastern Carrying Corporation Limited,NECCLTD,NECCLTD
Nectar Lifesciences Limited,NECLIFE,NECLIFE
Nelcast Limited,NELCAST,NELCAST
NELCO Limited,NELCO,NELCO
Neogen Chemicals Limited,NEOGEN,NEOGEN
Nesco Limited,NESCO,NESCO
Nestle India Limited,NESTLEIND,NESTLEIND
Network18 Media & Investments Limited,NETWORK18,NETWORK18
Neuland Laboratories Limited,NEULANDLAB,NEULANDLAB
Newgen Software Technologies Limited,NEWGEN,NEWGEN
Next Mediaworks Limited,NEXTMEDIA,NEXTMEDIA
National Fertilizers Limited,NFL,NFL
Narayana Hrudayalaya Ltd.,NH,NH
NHPC Limited,NHPC,NHPC
The New India Assurance Company Limited,NIACL,NIACL
NRB Industrial Bearings Limited,NIBL,NIBL
NIIT Limited,NIITLTD,NIITLTD
Nila Infrastructures Limited,NILAINFRA,NILA
Nila Spaces Limited,NILASPACES,NILASPACES
Nilkamal Limited,NILKAMAL,NILKAMAL
Indo-National Limited,NIPPOBATRY,NIPPOBATRY
Niraj Cement Structurals Limited,NIRAJ,NIRAJ
Nitco Limited,NITCO,NITCO
Nitin Fire Protection Industries Limited,NITINFIRE,NITINFIRE
Nitin Spinners Limited,NITINSPIN,NITINSPIN
NK Industries Limited,NKIND,NKIND
NLC India Limited,NLCINDIA,NLCINDIA
NMDC Limited,NMDC,NMDC
NOCIL Limited,NOCIL,NOCIL
Noida Toll Bridge Company Limited,NOIDATOLL,NOIDATOLL
Novartis India Limited,NOVARTIND,NOVARTIND
N R Agarwal Industries Limited,NRAIL,NRAGRINDQ
NRB Bearing Limited,NRBBEARING,NRBBEARING
Nalwa Sons Investments Limited,NSIL,NSIL
Neueon Towers Limited,NTL,NTL
NTPC Limited,NTPC,NTPC
Nucleus Software Exports Limited,NUCLEUS,NUCLEUS
Nureca Limited,NURECA,NURECA
NXTDIGITAL LIMITED,NXTDIGITAL,NXTDIGITAL
Oriental Aromatics Limited,OAL,OAL
Oberoi Realty Limited,OBEROIRLTY,OBEROIRLTY
Oriental Carbon & Chemicals Limited,OCCL,ORIENTCQ
Oracle Financial Services Software Limited,OFSS,OFSS
Oil India Limited,OIL,OIL
Olectra Greentech Limited,OLECTRA,OLECTRA
Omax Autos Limited,OMAXAUTO,OMAXAUTO
Omaxe Limited,OMAXE,OMAXE
OM INFRA LIMITED,OMINFRAL,OMINFRAL
Onelife Capital Advisors Limited,ONELIFECAP,ONELIFECAP
Oil & Natural Gas Corporation Limited,ONGC,ONGC
OnMobile Global Limited,ONMOBILE,ONMOBILE
Onward Technologies Limited,ONWARDTEC,ONWARDTEC
Optiemus Infracom Limited,OPTIEMUS,OPTIEMUS
Opto Circuits (India) Limited,OPTOCIRCUI,OPTOCIRCUI
Orbit Exports Limited,ORBTEXP,ORBTEXP
Orchid Pharma Limited,ORCHPHARMA,ORCHIDPHAR
Oricon Enterprises Limited,ORICONENT,ORICON
Orient Abrasives Limited,ORIENTABRA,ORIENTABRA
Oriental Trimex Limited,ORIENTALTL,ORIENTALTL
Orient Bell Limited,ORIENTBELL,ORIENTBELL
Orient Cement Limited,ORIENTCEM,ORIENTCEM
Orient Electric Limited,ORIENTELEC,ORIENTELEC
Oriental Hotels Limited,ORIENTHOT,ORIENTHOT
Orient Press Limited,ORIENTLTD,ORIENTLTD
Orient Paper & Industries Limited,ORIENTPPR,ORIENTPPR
Orient Refractories Limited,ORIENTREF,ORIENTREF
The Orissa Minerals Development Company Limited,ORISSAMINE,ORISSAMINE
Ortel Communications Limited,ORTEL,ORTEL
Ortin Laboratories Limited,ORTINLAB,ORTINLAABS
Oswal Agro Mills Limited,OSWALAGRO,OSWALAGRO
PAE Limited,PAEL,PAEL
Page Industries Limited,PAGEIND,PAGEIND
Paisalo Digital Limited,PAISALO,PAISALO
Palash Securities Limited,PALASHSECU,PALASHSEC
Palred Technologies Limited,PALREDTEC,PALRED
Panacea Biotec Limited,PANACEABIO,PANACEABIO
Panama Petrochem Limited,PANAMAPET,PANAMAPET
Paramount Communications Limited,PARACABLES,PARACABLES
Parag Milk Foods Limited,PARAGMILK,PARAGMILK
Parsvnath Developers Limited,PARSVNATH,PARSVNATH
Patel Engineering Limited,PATELENG,PATELENG
Patel Integrated Logistics Limited,PATINTLOG,PATINTLOG
Patspin India Limited,PATSPINLTD,PATSPINLTD
PBA Infrastructure Limited,PBAINFRA,PBAINFRA
PC Jeweller Limited,PCJEWELLER,PCJEWELLER
Pudumjee Paper Products Limited,PDMJEPAPER,PDMJEPAPER
PDS Multinational Fashions Limited,PDSMFL,PDSMFL
Pearl Polymers Limited,PEARLPOLY,PEARLPOLY
Piramal Enterprises Limited,PEL,PEL
Pennar Industries Limited,PENIND,PENIND
Peninsula Land Limited,PENINLAND,PENINLAND
Persistent Systems Limited,PERSISTENT,PERSISTENT
Petronet LNG Limited,PETRONET,PETRONET
Power Finance Corporation Limited,PFC,PFC
Pfizer Limited,PFIZER,PFIZER
Prime Focus Limited,PFOCUS,PFOCUS
PTC India Financial Services Limited,PFS,PFS
PG Electroplast Limited,PGEL,PGEL
Procter & Gamble Hygiene and Health Care Limited,PGHH,PGHH
Procter & Gamble Health Limited,PGHL,PGHL
Pearl Global Industries Limited,PGIL,PGIL
Phillips Carbon Black Limited,PHILIPCARB,PHILIPCARB
The Phoenix Mills Limited,PHOENIXLTD,PHOENIXLTD
Pidilite Industries Limited,PIDILITIND,PIDILITIND
PI Industries Limited,PIIND,PIIND
Pilani Investment and Industries Corporation Limited,PILANIINVS,PILANIINVS
PIL ITALICA LIFESTYLE LIMITED,PILITA,PILITA
Pioneer Distilleries Limited,PIONDIST,PIONDIST
Pioneer Embroideries Limited,PIONEEREMB,PIONEEREMB
Pitti Engineering Limited,PITTIENG,PITTIENG
Plastiblends India Limited,PLASTIBLEN,PLASTIBLEN
Punjab National Bank,PNB,PNB
PNB Gilts Limited,PNBGILTS,PNBGILTS
PNB Housing Finance Limited,PNBHOUSING,PNBHOUSING
Pritish Nandy Communications Limited,PNC,PNC
PNC Infratech Limited,PNCINFRA,PNCINFRA
Poddar Housing and Development Limited,PODDARHOUS,PODDAR
Poddar Pigments Limited,PODDARMENT,PODARPIGQ
Pokarna Limited,POKARNA,POKARNA
Polycab India Limited,POLYCAB,POLYCAB
Poly Medicure Limited,POLYMED,POLYMED
Polyplex Corporation Limited,POLYPLEX,POLYPLEX
Ponni Sugars (Erode) Limited,PONNIERODE,PONNIERODE
Power Grid Corporation of India Limited,POWERGRID,POWERGRID
ABB Power Products and Systems India Limited,POWERINDIA,POWERINDIA
Power Mech Projects Limited,POWERMECH,POWERMECH
PPAP Automotive Limited,PPAP,PPAP
Prakash Pipes Limited,PPL,PPL
Prajay Engineers Syndicate Limited,PRAENG,PRAENG
Praj Industries Limited,PRAJIND,PRAJIND
Prakash Industries Limited,PRAKASH,PRAKASH
Prakash Steelage Limited,PRAKASHSTL,PRAKASHSTL
Praxis Home Retail Limited,PRAXIS,PRAXIS
Precision Camshafts Limited,PRECAM,PRECAM
Precision Wires India Limited,PRECWIRE,PRECWIRE
Premier Explosives Limited,PREMEXPLN,PREMEXPLQ
Premier Limited,PREMIER,PREMIER
Premier Polyfilm Limited,PREMIERPOL,PREMIERPOL
Pressman Advertising Limited,PRESSMN,PRESSMN
Prestige Estates Projects Limited,PRESTIGE,PRESTIGE
Pricol Limited,PRICOLLTD,PRICOLLTD
Prime Securities Limited,PRIMESECU,PRIMESECU
Prince Pipes And Fittings Limited,PRINCEPIPE,PRINCEPIPE
Privi Speciality Chemicals Limited,PRIVISCL,PRIVISCL
Proseed India Limited,PROINDIA,PROSEED
Prozone Intu Properties Limited,PROZONINTU,PROZONINTU
Prism Johnson Limited,PRSMJOHNSN,PRSMJOHNSN
Punjab & Sind Bank,PSB,PSB
PSP Projects Limited,PSPPROJECT,PSPPROJECT
PTC India Limited,PTC,PTC
PTL Enterprises Limited,PTL,PTL
Punjab Chemicals & Crop Protection Limited,PUNJABCHEM,PUNJABCHEM
Punj Lloyd Limited,PUNJLLOYD,PUNJLLOYD
Puravankara Limited,PURVA,PURVA
PVR Limited,PVR,PVR
Quess Corp Limited,QUESS,QUESS
Quick Heal Technologies Limited,QUICKHEAL,QUICKHEAL
Radaan Mediaworks India Limited,RADAAN,RADAAN
Radico Khaitan Limited,RADICO,RADICO
Music Broadcast Limited,RADIOCITY,RADIOCITY
Railtel Corporation Of India Limited,RAILTEL,RAILTEL
Rain Industries Limited,RAIN,RAIN
Rajesh Exports Limited,RAJESHEXPO,RAJESHEXPO
Rajratan Global Wire Limited,RAJRATAN,RAJGLOWIR
Raj Rayon Industries Limited,RAJRAYON,RAJRAYON
Rajshree Sugars & Chemicals Limited,RAJSREESUG,RAJSREESUG
Raj Television Network Limited,RAJTV,RAJTV
Rallis India Limited,RALLIS,RALLIS
Shree Rama Newsprint Limited,RAMANEWS,RAMANEWS
Rama Steel Tubes Limited,RAMASTEEL,RAMASTEEL
The Ramco Cements Limited,RAMCOCEM,RAMCOCEM
Ramco Industries Limited,RAMCOIND,RAMCOIND
Ramco Systems Limited,RAMCOSYS,RAMCOSYS
Ramky Infrastructure Limited,RAMKY,RAMKY
Rana Sugars Limited,RANASUG,RANASUG
Rane Engine Valve Limited,RANEENGINE,RANEENGINE
Rane Holdings Limited,RANEHOLDIN,RANEHOLDIN
Ratnamani Metals & Tubes Limited,RATNAMANI,RATNAMANI
Raymond Limited,RAYMOND,RAYMOND
Rane Brake Lining Limited,RBL,RBL
RBL Bank Limited,RBLBANK,RBLBANK
Rashtriya Chemicals and Fertilizers Limited,RCF,RCF
Reliance Communications Limited,RCOM,RCOM
REC Limited,RECLTD,RECLTD
Redington (India) Limited,REDINGTON,REDINGTON
Refex Industries Limited,REFEX,REFEX
Relaxo Footwears Limited,RELAXO,RELAXO
Reliance Capital Limited,RELCAPITAL,RELCAPITAL
Reliance Industries Limited,RELIANCE,RELIANCE
Religare Enterprises Limited,RELIGARE,RELIGARE
Reliance Infrastructure Limited,RELINFRA,RELINFRA
Remsons Industries Limited,REMSONSIND,REMSONSIND
Shree Renuka Sugars Limited,RENUKA,RENUKA
Repco Home Finance Limited,REPCOHOME,REPCOHOME
Repro India Limited,REPRO,REPRO
Responsive Industries Limited,RESPONIND,RESPONIND
Revathi Equipment Limited,REVATHI,REVATHI
Renaissance Global Limited,RGL,RGL
Reliance Home Finance Limited,RHFL,RELHOME
Rico Auto Industries Limited,RICOAUTO,RICOAUTO
Reliance Industrial Infrastructure Limited,RIIL,RIIL
RITES Limited,RITES,RITES
Ravi Kumar Distilleries Limited,RKDL,RKDL
Ramkrishna Forgings Limited,RKFORGE,RKFORGE
Radha Madhav Corporation Limited,RMCL,RMCL
Rane (Madras) Limited,RML,RML
Reliance Naval and Engineering Limited,RNAVAL,RNAVAL
Royal Orchid Hotels Limited,ROHLTD,ROHLTD
Rollatainers Limited,ROLLT,ROLLT
Rolta India Limited,ROLTA,ROLTA
Raj Oil Mills Limited,ROML,RAJOIL
Rossari Biotech Limited,ROSSARI,ROSSARI
Rossell India Limited,ROSSELLIND,ROSSELLIND
ROUTE MOBILE LIMITED,ROUTE,ROUTE
RPG Life Sciences Limited,RPGLIFE,RPGLIFE
Reliance Power Limited,RPOWER,RPOWER
R.P.P. Infra Projects Limited,RPPINFRA,RPPINFRA
RPSG VENTURES LIMITED,RPSGVENT,RPSGVENT
R. S. Software (India) Limited,RSSOFTWARE,RSSOFTWARE
RSWM Limited,RSWM,RSWM
R Systems International Limited,RSYSTEMS,RSYSTEMINT
RattanIndia Enterprises Limited,RTNINDIA,RTNINDIA
RattanIndia Power Limited,RTNPOWER,RTNPOWER
The Ruby Mills Limited,RUBYMILLS,RUBYMILLS
Ruchi Soya Industries Limited,RUCHI,RUCHISOYA
Ruchi Infrastructure Limited,RUCHINFRA,RUCHINFRA
Ruchira Papers Limited,RUCHIRA,RUCHIRA
Rupa & Company Limited,RUPA,RUPA
Rushil Decor Limited,RUSHIL,RUSHIL
Ravinder Heights Limited,RVHL,RVHL
Rail Vikas Nigam Limited,RVNL,RVNL
S&S Power Switchgears Limited,S&SPOWER,S&SPOWER
Sab Events & Governance Now Media Limited,SABEVENTS,GOVNOW
Sri Adhikari Brothers Television Network Limited,SABTN,SABTN
Sadbhav Engineering Limited,SADBHAV,SADBHAV
Sadbhav Infrastructure Project Limited,SADBHIN,SADBHIN
Safari Industries (India) Limited,SAFARI,SAFARIND
Sagar Cements Limited,SAGCEM,SAGCEM
Steel Authority of India Limited,SAIL,SAIL
Sakthi Sugars Limited,SAKHTISUG,SAKHTISUG
Saksoft Limited,SAKSOFT,SAKSOFT
Sakuma Exports Limited,SAKUMA,SAKUMA
Salasar Techno Engineering Limited,SALASAR,SALASAR
Salona Cotspin Limited,SALONA,SALONACOT
S.A.L. Steel Limited,SALSTEEL,SALSTEEL
Salzer Electronics Limited,SALZERELEC,SALZER
Sambhaav Media Limited,SAMBHAAV,SAMBHAAV
The Sandesh Limited,SANDESH,SANDESH
Sandhar Technologies Limited,SANDHAR,SANDHAR
Sangam (India) Limited,SANGAMIND,SANGAMIND
Sanghi Industries Limited,SANGHIIND,SANGHIIND
Sanghvi Movers Limited,SANGHVIMOV,SANGHVIMOV
Sanofi India Limited,SANOFI,SANOFI
Sanwaria Consumer Limited,SANWARIA,SANWARIA
Sarda Energy & Minerals Limited,SARDAEN,SARDAEN
Saregama India Limited,SAREGAMA,SAREGAMA
Sarla Performance Fibers Limited,SARLAPOLY,SARLAPOLY
Sasken Technologies Limited,SASKEN,SASKEN
Sastasundar Ventures Limited,SASTASUNDR,SASTASUNDR
Satia Industries Limited,SATIA,SATIA
Satin Creditcare Network Limited,SATIN,SATIN
SBI Cards and Payment Services Limited,SBICARD,SBICARD
SBI Life Insurance Company Limited,SBILIFE,SBILIFE
State Bank of India,SBIN,SBIN
Stampede Capital Limited,SCAPDVR,SCAPDVR
Schaeffler India Limited,SCHAEFFLER,SCHAEFFLER
S Chand And Company Limited,SCHAND,SCHAND
Schneider Electric Infrastructure Limited,SCHNEIDER,SCHNEIDER
Shipping Corporation Of India Limited,SCI,SCI
Som Distilleries & Breweries Limited,SDBL,SDBL
Seamec Limited,SEAMECLTD,SEAMECLTD
SECUREKLOUD TECHNOLOGIES LIMITED,SECURKLOUD,SECURKLOUD
Selan Exploration Technology Limited,SELAN,SELAN
S.E. Power Limited,SEPOWER,SEPOWER
Sequent Scientific Limited,SEQUENT,SEQUENT
Seshasayee Paper and Boards Limited,SESHAPAPER,SESHAPAPER
Setco Automotive Limited,SETCO,SETCO
Setubandhan Infrastructure Limited,SETUINFRA,SETUINFRA
Seya Industries Limited,SEYAIND,SEYAIND
Sheela Foam Limited,SFL,SFL
STL Global Limited,SGL,SGL
Shakti Pumps (India) Limited,SHAKTIPUMP,SHAKTIPUMP
Shalby Limited,SHALBY,SHALBY
Shalimar Paints Limited,SHALPAINTS,SHALPAINTS
Shankara Building Products Limited,SHANKARA,SHANKARA
Shanthi Gears Limited,SHANTIGEAR,SHANTIGEAR
Sharda Cropchem Limited,SHARDACROP,SHARDACROP
Sharda Motor Industries Limited,SHARDAMOTR,SHARDA
Share India Securities Limited,SHAREINDIA,SHAREINDIA
Shemaroo Entertainment Limited,SHEMAROO,SHEMAROO
Somany Home Innovation Limited,SHIL,SHIL
Shilpa Medicare Limited,SHILPAMED,SHILPAMED
Shivam Autotech Limited,SHIVAMAUTO,SHIVAMAUTO
Shiva Mills Limited,SHIVAMILLS,SHIVAMILLS
Shiva Texyarn Limited,SHIVATEX,SHIVTEX
S H Kelkar and Company Limited,SHK,SHK
Shoppers Stop Limited,SHOPERSTOP,SHOPERSTOP
Shree Digvijay Cement Co.Ltd,SHREDIGCEM,SHREDIGCEM
SHREE CEMENT LIMITED,SHREECEM,SHREECEM
Shree Pushkar Chemicals & Fertilisers Limited,SHREEPUSHK,SHREEPUSHK
Shree Rama Multi-Tech Limited,SHREERAMA,SHREERAMA
Shreyans Industries Limited,SHREYANIND,SHREYANIND
Shreyas Shipping & Logistics Limited,SHREYAS,SHREYAS
Shriram City Union Finance Limited,SHRIRAMCIT,SHRIRAMCIT
Shriram EPC Limited,SHRIRAMEPC,SHRIRAMEPC
Shyam Century Ferrous Limited,SHYAMCENT,SCFL
Shyam Telecom Limited,SHYAMTEL,SHYAMTEL
Sicagen India Limited,SICAGEN,SICAGEN
Sical Logistics Limited,SICAL,SICAL
Siemens Limited,SIEMENS,SIEMENS
Signet Industries Limited,SIGIND,SIGNETIND
Standard Industries Limited,SIL,SIL
SIL Investments Limited,SILINV,SILINV
Simbhaoli Sugars Limited,SIMBHALS,SIMBHALS
Simplex Infrastructures Limited,SIMPLEXINF,SIMPLEXINF
Sintex Industries Limited,SINTEX,SINTEX
SIS LIMITED,SIS,SIS
Siti Networks Limited,SITINET,SITINET
Siyaram Silk Mills Limited,SIYSIL,SIYSIL
SJVN Limited,SJVN,SJVN
SKF India Limited,SKFINDIA,SKFINDIA
SKIL Infrastructure Limited,SKIL,SKIL
Skipper Limited,SKIPPER,SKIPPER
SKM Egg Products Export (India) Limited,SKMEGGPROD,SKMEGGPROD
Smartlink Holdings Limited,SMARTLINK,SMARTLINK
SMC Global Securities Limited,SMCGLOBAL,SMCGLOBAL
SML Isuzu Limited,SMLISUZU,SMLISUZU
Splendid Metal Products Limited,SMPL,SMPL
SMS Lifesciences India Limited,SMSLIFE,SMSLIFE
SMS Pharmaceuticals Limited,SMSPHARMA,SMSPHARMA
Snowman Logistics Limited,SNOWMAN,SNOWMAN
Sobha Limited,SOBHA,SOBHA
Solara Active Pharma Sciences Limited,SOLARA,SOLARA
Solar Industries India Limited,SOLARINDS,SOLARINDS
Somany Ceramics Limited,SOMANYCERA,SOMANYCERA
Soma Textiles & Industries Limited,SOMATEX,SOMATEX
Somi Conveyor Beltings Limited,SOMICONVEY,SOMICONV
Sonata Software Limited,SONATSOFTW,SONATSOFTW
SORIL Infra Resources Limited,SORILINFRA,SORILINFRA
Savita Oil Technologies Limited,SOTL,SOTL
The South Indian Bank Limited,SOUTHBANK,SOUTHBANK
S. P. Apparels Limited,SPAL,SPAL
Spandana Sphoorty Financial Limited,SPANDANA,SPANDANA
Sun Pharma Advanced Research Company Limited,SPARC,SPARC
Speciality Restaurants Limited,SPECIALITY,SPECIALITY
Spencer's Retail Limited,SPENCERS,SPENCER
Spentex Industries Limited,SPENTEX,SPENTEX
Southern Petrochemicals Industries Corporation  Limited,SPIC,SPIC
SPICEJET LTD,SPICEJET,SPICEJET
SPL Industries Limited,SPLIL,SPLIL
SPML Infra Limited,SPMLINFRA,SPMLINFRA
Sintex Plastics Technology Limited,SPTL,SINTEXPLAST
Sreeleathers Limited,SREEL,SREEL
SREI Infrastructure Finance Limited,SREINFRA,SREINFRA
SRF Limited,SRF,SRF
Sree Rayalaseema Hi-Strength Hypo Limited,SRHHYPOLTD,SRHHYPOLTD
Srikalahasthi Pipes Limited,SRIPIPES,SRIPIPES
Shriram Transport Finance Company Limited,SRTRANSFIN,SRTRANSFIN
Steel Strips Wheels Limited,SSWL,SSWL
Strides Pharma Science Limited,STAR,STAR
Star Cement Limited,STARCEMENT,STARCEMENT
Star Paper Mills Limited,STARPAPER,STARPAPER
The State Trading Corporation of India Limited,STCINDIA,STCINDIA
STEEL EXCHANGE INDIA LIMITED,STEELXIND,STEELXIND
Stel Holdings Limited,STEL,STEL
Sterling Tools Limited,STERTOOLS,STERTOOLS
Sterlite Technologies Limited,STLTECH,STLTECH
Stove Kraft Limited,STOVEKRAFT,STOVEKRAFT
Subex Limited,SUBEXLTD,SUBEX
Subros Limited,SUBROS,SUBROS
Sudarshan Chemical Industries Limited,SUDARSCHEM,SUDARSCHEM
Sumeet Industries Limited,SUMEETINDS,SUMEETINDS
Sumitomo Chemical India Limited,SUMICHEM,SUMICHEM
Summit Securities Limited,SUMMITSEC,SUMMITSEC
Sundaram Clayton Limited,SUNCLAYLTD,SUNCLAYLTD
Sundaram Multi Pap Limited,SUNDARAM,SUNDARAM
Sundaram Finance Limited,SUNDARMFIN,SUNDARMFIN
Sundaram Brake Linings Limited,SUNDRMBRAK,SUNDRMBRAK
Sundram Fasteners Limited,SUNDRMFAST,SUNDRMFAST
Sunflag Iron And Steel Company Limited,SUNFLAG,SUNFLAG
Sun Pharmaceutical Industries Limited,SUNPHARMA,SUNPHARMA
Sunteck Realty Limited,SUNTECK,SUNTECK
Sun TV Network Limited,SUNTV,SUNTV
Superhouse Limited,SUPERHOUSE,SUPERHOUSE
Super Spinning Mills Limited,SUPERSPIN,SUPERSPIN
Supreme Petrochem Limited,SUPPETRO,SUPPETRO
Suprajit Engineering Limited,SUPRAJIT,SUPRAJIT
Supreme Industries Limited,SUPREMEIND,SUPREMEIND
Surana Solar Limited,SURANASOL,SURANASOL
Surana Telecom and Power Limited,SURANAT&P,SURANAT&P
Suryalakshmi Cotton Mills Limited,SURYALAXMI,SURYALAXMI
Surya Roshni Limited,SURYAROSNI,SURYAROSNI
Suryoday Small Finance Bank Limited,SURYODAY,SURYODAY
Sutlej Textiles and Industries Limited,SUTLEJTEX,SUTLEJTEX
Suven Life Sciences Limited,SUVEN,SUVEN
Suven Pharmaceuticals Limited,SUVENPHAR,SUVENPHAR
Suvidhaa Infoserve Limited,SUVIDHAA,SUVIDHAA
Suzlon Energy Limited,SUZLON,SUZLON
Swan Energy Limited,SWANENERGY,SWANENERGY
Swaraj Engines Limited,SWARAJENG,SWARAJENG
Swelect Energy Systems Limited,SWELECTES,SWELECTES
Sterling And Wilson Solar Limited,SWSOLAR,SWSOLAR
Symphony Limited,SYMPHONY,SYMPHONY
Syncom Healthcare Limited,SYNCOM,SYNCOM
Syngene International Limited,SYNGENE,SYNGENE
Tainwala Chemical and Plastic (I) Limited,TAINWALCHM,TAINWALCHM
Taj GVK Hotels & Resorts Limited,TAJGVK,TAJGVK
Take Solutions Limited,TAKE,TAKE
Talbros Automotive Components Limited,TALBROAUTO,TALBROAUTO
Tanla Platforms Limited,TANLA,TANLA
Tantia Constructions Limited,TANTIACONS,TANTIACONS
Tarapur Transformers Limited,TARAPUR,TARAPUR
TARC Limited,TARC,TARC
Tarmat Limited,TARMAT,TARMAT
Tasty Bite Eatables Limited,TASTYBITE,TASTYBIT
Tata Chemicals Limited,TATACHEM,TATACHEM
Tata Coffee Limited,TATACOFFEE,TATACOFFEE
Tata Communications Limited,TATACOMM,TATACOMM
TATA CONSUMER PRODUCTS LIMITED,TATACONSUM,TATACONSUM
Tata Elxsi Limited,TATAELXSI,TATAELXSI
Tata Investment Corporation Limited,TATAINVEST,TATAINVEST
Tata Metaliks Limited,TATAMETALI,TATAMETALI
Tata Motors Limited,TATAMOTORS,TATAMOTORS
Tata Motors Limited,TATAMTRDVR,TATAMTRDVR
Tata Power Company Limited,TATAPOWER,TATAPOWER
Tata Steel Limited,TATASTEEL,TATASTEEL
Tata Steel Bsl Limited,TATASTLBSL,TATASTLBSL
Tata Steel Long Products Limited,TATASTLLP,TATASTLLP
Tribhovandas Bhimji Zaveri Limited,TBZ,TBZ
Transport Corporation of India Limited,TCI,TCI
TCI Developers Limited,TCIDEVELOP,TCIDEVELOP
TCI Express Limited,TCIEXP,TCIEXP
TCI Finance Limited,TCIFINANCE,TCIFINANCE
TCNS Clothing Co. Limited,TCNSBRANDS,TCNSBRANDS
TCPL Packaging Limited,TCPLPACK,TCPLPACK
Tata Consultancy Services Limited,TCS,TCS
TD Power Systems Limited,TDPOWERSYS,TDPOWERSYS
Teamlease Services Limited,TEAMLEASE,TEAMLEASE
Techindia Nirman Limited,TECHIN,TECHIN
Tech Mahindra Limited,TECHM,TECHM
Techno Electric & Engineering Company Limited,TECHNOE,TECHNOE
Tejas Networks Limited,TEJASNET,TEJASNET
Tera Software Limited,TERASOFT,TERASOFT
Texmaco Infrastructure & Holdings Limited,TEXINFRA,TEXINFRA
Texmo Pipes and Products Limited,TEXMOPIPES,TEXMOPIPES
Texmaco Rail & Engineering Limited,TEXRAIL,TEXRAIL
Tourism Finance Corporation of India Limited,TFCILTD,TFCILTD
Transwarranty Finance Limited,TFL,TFL
TGB Banquets And Hotels Limited,TGBHOTELS,TGBHOTELS
Thangamayil Jewellery Limited,THANGAMAYL,THANGAMAYL
The Investment Trust Of India Limited,THEINVEST,THEINVEST
Themis Medicare Limited,THEMISMED,THEMISMED
Thermax Limited,THERMAX,THERMAX
Thomas Cook  (India)  Limited,THOMASCOOK,THOMASCOOK
Thomas Scott (India) Limited,THOMASCOTT,THOMASCOTT
Thyrocare Technologies Limited,THYROCARE,THYROCARE
Tilaknagar Industries Limited,TI,TI
Tide Water Oil Company (India) Limited,TIDEWATER,TIDEWATER
Technocraft Industries (India) Limited,TIIL,TIIL
Tube Investments of India Limited,TIINDIA,TIINDIA
Tijaria Polypipes Limited,TIJARIA,TIJARIA
TIL Limited,TIL,TIL
Times Guaranty Limited,TIMESGTY,TIMESGTY
Time Technoplast Limited,TIMETECHNO,TIMETECHNO
Timken India Limited,TIMKEN,TIMKEN
The Tinplate Company of India Limited,TINPLATE,TINPLATE
TIPS Industries Limited,TIPSINDLTD,TIPSINDLTD
Thirumalai Chemicals Limited,TIRUMALCHM,TIRUMALCHM
Titan Company Limited,TITAN,TITAN
The Mandhana Retail Ventures Limited,TMRVL,TMRVL
Tamilnadu PetroProducts Limited,TNPETRO,TNPETRO
Tamil Nadu Newsprint & Papers Limited,TNPL,TNPL
Tamilnadu Telecommunication Limited,TNTELE,TNTELE
Tokyo Plast International Limited,TOKYOPLAST,TOKYOPLAST
Torrent Pharmaceuticals Limited,TORNTPHARM,TORNTPHARM
Torrent Power Limited,TORNTPOWER,TORNTPOWER
TPL Plastech Limited,TPLPLASTEH,TPLPLAST
Tree House Education & Accessories Limited,TREEHOUSE,TREEHOUSE
TREJHARA SOLUTIONS LIMITED,TREJHARA,TREJHARA
Trent Limited,TRENT,TRENT
TRF Limited,TRF,TRF
Trident Limited,TRIDENT,TRIDENT
Trigyn Technologies Limited,TRIGYN,TRIGYN
Transformers And Rectifiers (India) Limited,TRIL,TRIL
Triveni Turbine Limited,TRITURBINE,TRITURBINE
Triveni Engineering & Industries Limited,TRIVENI,TRIVENI
TTK Healthcare Limited,TTKHLTCARE,TTKHEALTH
TTK Prestige Limited,TTKPRESTIG,TTKPRESTIG
T T Limited,TTL,TTL
Tata Teleservices (Maharashtra) Limited,TTML,TTML
TV18 Broadcast Limited,TV18BRDCST,TV18BRDCST
TVS Electronics Limited,TVSELECT,TVSELECT
TVS Motor Company Limited,TVSMOTOR,TVSMOTOR
TVS Srichakra Limited,TVSSRICHAK,TVSSRICHAK
TV Today Network Limited,TVTODAY,TVTODAY
TV Vision Limited,TVVISION,TVVISION
Titagarh Wagons Limited,TWL,TWL
United Breweries Limited,UBL,UBL
Ucal Fuel Systems Limited,UCALFUEL,UCALFUEL
UCO Bank,UCOBANK,UCOBANK
UFLEX Limited,UFLEX,UFLEX
UFO Moviez India Limited,UFO,UFO
The Ugar Sugar Works Limited,UGARSUGAR,UGARSUGAR
Ujaas Energy Limited,UJAAS,UJAAS
Ujjivan Financial Services Limited,UJJIVAN,UJJIVAN
Ujjivan Small Finance Bank Limited,UJJIVANSFB,UJJIVANSFB
UltraTech Cement Limited,ULTRACEMCO,ULTRACEMCO
Umang Dairies Limited,UMANGDAIRY,UMANGDAIR
Usha Martin Education & Solutions Limited,UMESLTD,UMESLTD
Unichem Laboratories Limited,UNICHEMLAB,UNICHEMLAB
United Drilling Tools Limited,UNIDT,UNIDT
Uniphos Enterprises Limited,UNIENTER,UNIPHOS
Union Bank of India,UNIONBANK,UNIONBANK
Unitech Limited,UNITECH,UNITECH
Universal Cables Limited,UNIVCABLES,UNIVCABLES
Universus Photo Imagings Limited,UNIVPHOTO,UNIVPHOTO
UPL Limited,UPL,UPL
Urja Global Limited,URJA,URJAGLOBA
Usha Martin Limited,USHAMART,USHAMART
UTI Asset Management Company Limited,UTIAMC,UTIAMC
Uttam Galva Steels Limited,UTTAMSTL,UTTAMSTL
Uttam Sugar Mills Limited,UTTAMSUGAR,UTTAMSUGAR
V2 Retail Limited,V2RETAIL,V2RETAIL
Vadilal Industries Limited,VADILALIND,VADILALIND
Vaibhav Global Limited,VAIBHAVGBL,VAIBHAVGBL
Vakrangee Limited,VAKRANGEE,VAKRANGEE
Valiant Organics Limited,VALIANTORG,VALIANTORG
Vardhman Polytex Limited,VARDMNPOLY,VARDMNPOLY
Varroc Engineering Limited,VARROC,VARROC
Vascon Engineers Limited,VASCONEQ,VASCONEQ
Vaswani Industries Limited,VASWANI,VASWANI
Varun Beverages Limited,VBL,VBL
Vedanta Limited,VEDL,VEDL
Venky's (India) Limited,VENKEYS,VENKYS
Venus Remedies Limited,VENUSREM,VENUSREM
Vesuvius India Limited,VESUVIUS,VESUVIUS
Veto Switchgears And Cables Limited,VETO,VETO
V-Guard Industries Limited,VGUARD,VGUARD
Vardhman Holdings Limited,VHL,VHL
Viceroy Hotels Limited,VICEROY,VICEROY
Videocon Industries Limited,VIDEOIND,VIDEOIND
Vidhi Specialty Food Ingredients Limited,VIDHIING,VIDHIING
Viji Finance Limited,VIJIFIN,VFL
Vikas EcoTech Limited,VIKASECO,VIKASECO
Vikas Lifecare Limited,VIKASLIFE,VIKASLIFE
Vikas Proppant & Granite Limited,VIKASPROP,VIKASPROP
Vikas WSP Limited,VIKASWSP,VIKASWSP
Vimta Labs Limited,VIMTALABS,VIMTALABS
Vinati Organics Limited,VINATIORGA,VINATIORGA
Vindhya Telelinks Limited,VINDHYATEL,VINDHYATEL
Vinyl Chemicals (India) Limited,VINYLINDIA,VINYLINDIA
VIP Clothing Limited,VIPCLOTHNG,VIPCLOTHNG
VIP Industries Limited,VIPIND,VIPIND
Vipul Limited,VIPULLTD,VIPUL
Visaka Industries Limited,VISAKAIND,VISAKAIND
Visa Steel Limited,VISASTEEL,VISASTEEL
Vishal Fabrics Limited,VISHAL,VISHAL
Vishnu Chemicals Limited,VISHNU,VISHNU
Vishwaraj Sugar Industries Limited,VISHWARAJ,VISHWARAJ
Visagar Polytex Limited,VIVIDHA,VIVIDHA
Vivimed Labs Limited,VIVIMEDLAB,VIVIMEDLAB
Vikas Lifecare Limited-Rights Entitlement,VLIFE-RE,VLIFE-RE
VLS Finance Limited,VLSFINANCE,VLSFINANCE
V-Mart Retail Limited,VMART,VMART
Voltamp Transformers Limited,VOLTAMP,VOLTAMP
Voltas Limited,VOLTAS,VOLTAS
VRL Logistics Limited,VRLLOG,VRLLOG
Vardhman Special Steels Limited,VSSL,VSSL
VST Industries Limited,VSTIND,VSTIND
V.S.T Tillers Tractors Limited,VSTTILLERS,VSTTILLERS
Vardhman Textiles Limited,VTL,VTL
VA Tech Wabag Limited,WABAG,WABAG
WABCO India Limited,WABCOINDIA,WABCOINDIA
Walchandnagar Industries Limited,WALCHANNAG,WALCHANNAG
Wanbury Limited,WANBURY,WANBURY
Waterbase Limited,WATERBASE,WATERBASE
Websol Energy System Limited,WEBELSOLAR,WEBELSOLAR
Weizmann Limited,WEIZMANIND,WEIZMANIND
Welspun Corp Limited,WELCORP,WELCORP
Welspun Enterprises Limited,WELENT,WELENT
Welspun Investments and Commercials Limited,WELINV,WELINV
Welspun India Limited,WELSPUNIND,WELSPUNIND
Wendt (India) Limited,WENDT,WENDT
Westlife Development Ltd,WESTLIFE,WESTLIFE
Wheels India Limited,WHEELS,WHEELS
Whirlpool of India Limited,WHIRLPOOL,WHIRLPOOL
Williamson Magor & Company Limited,WILLAMAGOR,WILLAMAGOR
Windsor Machines Limited,WINDMACHIN,WINDMACHIN
Wipro Limited,WIPRO,WIPRO
Wockhardt Limited,WOCKPHARMA,WOCKPHARMA
Wonderla Holidays Limited,WONDERLA,WONDERLA
W S Industries (I) Limited,WSI,WSIND
West Coast Paper Mills Limited,WSTCSTPAPR,WSTCSTPAPR
Xchanging Solutions Limited,XCHANGING,XCHANGING
Xelpmoc Design And Tech Limited,XELPMOC,XELPMOC
Xpro India Limited,XPROINDIA,XPROINDIA
Yaarii Digital Integrated Services Limited,YAARII,YAARII
Yes Bank Limited,YESBANK,YESBANK
Zee Entertainment Enterprises Limited,ZEEL,ZEEL
Zee Learn Limited,ZEELEARN,ZEELEARN
Zee Media Corporation Limited,ZEEMEDIA,ZEEMEDIA
Zenith Exports Limited,ZENITHEXPO,ZENITHEXPO
Zensar Technologies Limited,ZENSARTECH,ZENSARTECH
Zen Technologies Limited,ZENTEC,ZENTEC
Zodiac Clothing Company Limited,ZODIACLOTH,ZODIACLOTH
Zodiac JRD- MKJ Limited,ZODJRDMKJ,ZODJRDMKJ
Zuari Agro Chemicals Limited,ZUARI,ZUARI
Zuari Global Limited,ZUARIGLOB,ZUARIGLOB
Zydus Wellness Limited,ZYDUSWELL,ZYDUSWELL
